County, FIPS,Met Healthy People Objective of 161.4?,"Age-Adjusted Death Rate(? - deaths per 100,000",Lower 95% Confidence Interval,Upper 95% Confidence Interval,Average Annual Count,Recent Trend,Recent 5-Year Trend (? in Death Rates,Lower 95% Confidence Interval,Upper 95% Confidence Interval,,life expenctancy,
United States (6),0,No,1216.9,1214.3,1219.5,174521,falling,-1.6,-1.7,-1.6,1.0 ,,
"Douglas County, Colorado",8035,No,984.6,891.1,1085,90,falling,-1.5,-2.9,-0.1,1.2 ,83.27 ,
"Fairfax County, Virginia",51059,No,937.7,892.2,984.8,332,falling,-2.1,-2.4,-1.8,1.1 ,83.23 ,
"Marin County, California",6041,No,966.4,901,1035.2,166,falling,-2,-2.5,-1.6,1.1 ,83.09 ,
"Santa Clara County, California",6085,No,1107.9,1067.1,1149.8,564,falling,-1.3,-1.5,-1,1.1 ,82.70 ,
"Loudoun County, Virginia",51107,No,1036.8,933.9,1147.8,78,falling,-2.3,-3.1,-1.4,1.2 ,82.62 ,
"Collier County, Florida",12021,No,787.9,749.9,827.2,324,falling,-1.9,-2.4,-1.4,1.1 ,82.55 ,
"Howard County, Maryland",24027,No,1008.8,917.5,1106.6,95,falling,-2.4,-3.2,-1.7,1.2 ,82.37 ,
"San Mateo County, California",6081,No,1119.1,1063.1,1177.2,307,falling,-1.5,-1.8,-1.2,1.1 ,82.35 ,
"Bergen County, New Jersey",34003,No,1111.8,1069.5,1155.3,532,falling,-1.9,-2.2,-1.7,1.1 ,82.15 ,
"Olmsted County, Minnesota",27109,No,1055.7,956.7,1162.1,84,falling,-1.6,-2.2,-1,1.2 ,82.08 ,
"Stearns County, Minnesota",27145,No,1167.8,1066.5,1276.1,98,falling,-1.1,-1.6,-0.5,1.2 ,82.06 ,
"Westchester County, New York",36119,No,1065,1023.1,1108.2,497,falling,-1.9,-2.4,-1.5,1.1 ,81.99 ,
"Hunterdon County, New Jersey",34019,No,1034.9,928.7,1149.9,72,falling,-2.5,-3.1,-1.9,1.2 ,81.94 ,
"Orange County, California",6059,No,1139.7,1111.1,1168.9,1219,falling,-1.4,-1.6,-1.3,1.1 ,81.85 ,
"Rockland County, New York",36087,No,993.7,922.5,1068.9,145,falling,-2.5,-3,-2.1,1.2 ,81.77 ,
"Nassau County, New York",36059,No,1057.6,1024.3,1091.7,786,falling,-1.7,-1.9,-1.5,1.1 ,81.76 ,
"Morris County, New Jersey",34027,No,1148.7,1091.2,1208.5,303,falling,-1.8,-2.2,-1.4,1.1 ,81.70 ,
"Somerset County, New Jersey",34035,No,1208.8,1128.2,1293.7,170,falling,-1.6,-1.9,-1.2,1.1 ,81.69 ,
"Washington County, Minnesota",27163,No,1096,1008.2,1189.3,119,falling,-1.9,-2.6,-1.1,1.2 ,81.69 ,
"Ozaukee County, Wisconsin",55089,No,1159,1037.6,1290.7,67,falling,-1.3,-1.9,-0.6,1.2 ,81.64 ,
"DuPage County, Illinois",17043,No,1165.8,1117.8,1215.3,456,falling,-1.6,-1.9,-1.3,1.1 ,81.61 ,
"Dakota County, Minnesota",27037,No,1112,1041.3,1186.2,189,falling,-1.4,-1.9,-0.9,1.1 ,81.57 ,
"Fairfield County, Connecticut",9001,No,1020.2,978.9,1062.9,469,falling,-3.1,-4.1,-2.1,1.1 ,81.55 ,
"Washington County, Oregon",41067,No,1079.7,1016.7,1145.6,227,falling,-1.6,-2,-1.2,1.1 ,81.54 ,
"Collin County, Texas",48085,No,1107.1,1043.5,1173.5,248,falling,-2.1,-2.6,-1.6,1.1 ,81.52 ,
"Johnson County, Kansas",20091,No,1085.5,1027.9,1145.5,274,falling,-1.3,-1.6,-0.9,1.1 ,81.49 ,
"Larimer County, Colorado",8069,No,934.2,865.8,1006.6,142,falling,-1.9,-2.5,-1.3,1.2 ,81.47 ,
"Williamson County, Texas",48491,No,994.3,922.4,1070.2,149,falling,-2.3,-2.9,-1.7,1.2 ,81.45 ,
"Ottawa County, Michigan",26139,No,1036.3,960.4,1116.6,140,falling,-1.2,-1.6,-0.7,1.2 ,81.45 ,
"Beaufort County, South Carolina",45013,No,899.8,829.2,974.6,127,falling,-2.1,-2.7,-1.4,1.2 ,81.41 ,
"Queens County, New York",36081,No,1122.8,1084,1162.6,648,falling,-1,-1.4,-0.5,1.1 ,81.40 ,
"Ventura County, California",6111,No,1102,1050.2,1155.6,347,falling,-1.4,-1.8,-1,1.1 ,81.39 ,
"Honolulu County, Hawaii (8)",15003,No,1124.6,1042.1,1212,144,falling,-1.5,-2.5,-0.5,1.2 ,81.39 ,
"Santa Barbara County, California",6083,No,1057.3,993,1124.7,206,falling,-1.3,-1.8,-0.8,1.1 ,81.38 ,
"Hamilton County, Indiana",18057,No,1121.7,1029.8,1219.6,115,falling,-1.3,-1.9,-0.6,1.2 ,81.36 ,
"Williamson County, Tennessee",47187,No,1077.6,971.8,1191.6,81,falling,-1.8,-2.7,-1,1.2 ,81.36 ,
"Monterey County, California",6053,No,1134.6,1054.4,1219.2,152,falling,-1.5,-2,-1,1.2 ,81.34 ,
"Middlesex County, Massachusetts",25017,No,1212.9,1178,1248.6,927,falling,-2.2,-2.5,-1.9,1.1 ,81.33 ,
"Norfolk County, Massachusetts",25021,No,1185.2,1136.3,1235.6,450,falling,-1.8,-2.1,-1.5,1.1 ,81.31 ,
"Waukesha County, Wisconsin",55133,No,1189.3,1128.1,1252.9,287,falling,-1.2,-1.5,-0.8,1.1 ,81.31 ,
"Geauga County, Ohio",39055,No,1060.7,948.1,1182.8,66,falling,-1.7,-2.4,-1,1.2 ,81.30 ,
"Centre County, Pennsylvania",42027,No,1125.2,1020.7,1237.5,86,falling,-1.1,-1.8,-0.4,1.2 ,81.25 ,
"Washington County, Utah",49053,No,876.3,802.2,955.4,104,falling,-1.1,-1.8,-0.4,1.2 ,81.22 ,
"Fort Bend County, Texas",48157,No,1060.7,973.3,1153.8,116,falling,-2.2,-2.9,-1.4,1.2 ,81.20 ,
"Tolland County, Connecticut",9013,No,1151.7,1045.7,1265.4,89,falling,-1.5,-2.3,-0.7,1.2 ,81.19 ,
"New York County, New York",36061,No,889.2,852.2,927.4,440,falling,-2.5,-3.1,-1.8,1.1 ,81.18 ,
"Dane County, Wisconsin",55025,No,1103,1040.2,1168.6,237,falling,-1.3,-1.7,-0.8,1.1 ,81.16 ,
"Santa Cruz County, California",6087,No,959.3,876.6,1047.7,105,falling,-2.2,-2.9,-1.6,1.2 ,81.15 ,
"King County, Washington",53033,No,1116.2,1082.3,1150.8,848,falling,-1.6,-1.8,-1.5,1.1 ,81.11 ,
"Sarasota County, Florida",12115,No,929.2,893.9,965.6,525,falling,-1.5,-1.7,-1.3,1.1 ,81.11 ,
"San Francisco County, California",6075,No,1058.5,997.2,1122.5,229,falling,-1.9,-2.3,-1.6,1.1 ,81.11 ,
"Nevada County, California",6057,No,1003,909.3,1103.6,86,falling,-2,-2.6,-1.4,1.2 ,81.06 ,
"Placer County, California",6061,No,1103.2,1041.8,1167.2,244,falling,-1.7,-2.2,-1.1,1.1 ,81.04 ,
"Delaware County, Ohio",39041,No,1123.5,1012.3,1243.5,79,falling,-1.3,-2.3,-0.4,1.2 ,81.04 ,
"Chittenden County, Vermont",50007,No,1203.5,1092.8,1322.2,89,falling,-1.7,-2.5,-0.8,1.2 ,81.01 ,
"Saratoga County, New York",36091,No,1319.7,1230.8,1413.2,169,falling,-1,-1.5,-0.6,1.1 ,81.00 ,
"Sumter County, Florida",12119,No,876.2,817.8,937.5,186,falling,-1.8,-2.4,-1.2,1.1 ,80.99 ,
"Washington County, Wisconsin",55131,No,1104,1002,1213.5,87,falling,-3.8,-5.6,-2,1.2 ,80.97 ,
"Contra Costa County, California",6013,No,1154.2,1107.6,1202.3,473,falling,-1.4,-1.7,-1.2,1.1 ,80.95 ,
"Wright County, Minnesota",27171,No,1264.8,1130.6,1410.4,67,falling,-1,-1.8,-0.2,1.2 ,80.94 ,
"Alameda County, California",6001,No,1155.1,1106.2,1205.5,435,falling,-1.5,-1.8,-1.3,1.1 ,80.92 ,
"Martin County, Florida",12085,No,1032.4,968.9,1099,199,falling,-1.6,-2.1,-1.1,1.1 ,80.92 ,
"Davis County, Utah",49011,No,894.3,816,978,98,stable,2.3,-3.4,8.4,1.2 ,80.92 ,
"Chester County, Pennsylvania",42029,No,1148,1090.2,1208.1,301,falling,-1.7,-2.1,-1.3,1.1 ,80.91 ,
"Newport County, Rhode Island",44005,No,1173.6,1052.8,1304.3,70,falling,-2,-2.7,-1.4,1.2 ,80.91 ,
"San Diego County, California",6073,No,1198.4,1170.1,1227.2,1397,falling,-1.2,-1.3,-1,1.0 ,80.86 ,
"Washington County, Rhode Island",44009,No,1162.3,1059.6,1272.2,97,falling,-1.7,-2.2,-1.2,1.2 ,80.86 ,
"Anoka County, Minnesota",27003,No,1260.7,1175.2,1350.8,173,falling,-1.3,-1.8,-0.8,1.1 ,80.84 ,
"Palm Beach County, Florida",12099,No,976,950.8,1001.8,1196,falling,-1.3,-1.6,-1.1,1.1 ,80.83 ,
"Lake County, Illinois",17097,No,1173,1115.8,1232.4,323,falling,-1.7,-2.1,-1.3,1.1 ,80.83 ,
"El Dorado County, California",6017,No,1092.8,1007.8,1183.1,126,falling,-1.1,-1.6,-0.6,1.2 ,80.83 ,
"San Luis Obispo County, California",6079,No,1097,1027.9,1169.6,191,falling,-1.5,-1.9,-1.1,1.1 ,80.82 ,
"Whatcom County, Washington",53073,No,1141.6,1055.1,1233.3,132,falling,-1.1,-1.8,-0.4,1.2 ,80.81 ,
"Cass County, North Dakota",38017,No,1181.6,1065.5,1306.8,77,falling,-1.5,-2.3,-0.7,1.2 ,80.81 ,
"Utah County, Utah",49049,No,815.4,750.8,884,119,falling,-1,-1.7,-0.3,1.2 ,80.80 ,
"Middlesex County, New Jersey",34023,No,1283,1227,1340.9,404,stable,0.4,-0.6,1.4,1.1 ,80.79 ,
"Middlesex County, Connecticut",9007,No,1170.2,1079.7,1266.2,126,falling,-1.6,-2.1,-1,1.2 ,80.78 ,
"Hidalgo County, Texas",48215,No,755.3,685.5,830.4,87,falling,-1.6,-2.1,-1,1.2 ,80.74 ,
"Los Angeles County, California",6037,No,1147.6,1127.9,1167.7,2612,falling,-1.3,-1.4,-1.2,1.0 ,80.73 ,
"Washtenaw County, Michigan",26161,No,1096.5,1017.2,1180.2,147,falling,-1.5,-1.9,-1,1.2 ,80.73 ,
"Ada County, Idaho",16001,No,1088.8,1021.2,1159.7,200,falling,-1.9,-2.3,-1.5,1.1 ,80.71 ,
"Grafton County, New Hampshire (6, 7)",33009,No,1190.3,1072.2,1317.8,76,falling,-1.6,-2.6,-0.7,1.2 ,80.71 ,
"Hennepin County, Minnesota",27053,No,1102.5,1062.1,1143.9,578,falling,-1.6,-1.9,-1.4,1.1 ,80.70 ,
"Marathon County, Wisconsin",55073,No,1177.9,1076.9,1285.7,101,falling,-1.4,-2,-0.8,1.2 ,80.70 ,
"Litchfield County, Connecticut",9005,No,1027,949.7,1108.8,134,falling,-2.7,-3.6,-1.9,1.2 ,80.69 ,
"Montgomery County, Maryland",24031,No,877.4,835,921.4,333,falling,-2.4,-2.6,-2.1,1.1 ,80.68 ,
"Prince Georges County, Maryland",24033,No,1381.6,1283.5,1485.1,148,falling,-1.2,-1.5,-1,1.2 ,80.68 ,
"Montgomery County, Pennsylvania",42091,No,1140.4,1097.4,1184.7,542,falling,-1.5,-1.9,-1.2,1.1 ,80.67 ,
"Wake County, North Carolina",37183,No,1114.3,1056.5,1174.3,292,falling,-1.6,-2,-1.2,1.1 ,80.67 ,
"Outagamie County, Wisconsin",55087,No,1128.3,1030.1,1233.2,99,falling,-2,-2.6,-1.4,1.2 ,80.66 ,
"Eau Claire County, Wisconsin",55035,No,1199.1,1071.5,1337.8,65,falling,-1.8,-2.6,-1.1,1.2 ,80.65 ,
"Barnstable County, Massachusetts",25001,No,1159.3,1098.2,1222.8,272,falling,-1.3,-1.7,-0.9,1.1 ,80.60 ,
"Hampshire County, Massachusetts",25015,No,1209.8,1105.6,1321.1,102,falling,-1.5,-2.2,-0.9,1.2 ,80.59 ,
"Kane County, Illinois",17089,No,1206.2,1135.7,1279.9,224,falling,-1.3,-1.6,-0.9,1.1 ,80.58 ,
"Brown County, Wisconsin",55009,No,1203.1,1117.1,1293.8,147,falling,-1.3,-1.8,-0.8,1.2 ,80.52 ,
"Lancaster County, Pennsylvania",42071,No,1093.3,1043.9,1144.5,372,falling,-1.5,-1.9,-1.1,1.1 ,80.50 ,
"Lancaster County, Nebraska",31109,No,1226.4,1142.4,1314.9,161,falling,-1.1,-1.5,-0.6,1.2 ,80.49 ,
"Essex County, Massachusetts",25009,No,1184,1137,1232.4,488,falling,-3.5,-4.5,-2.4,1.1 ,80.47 ,
"Rockingham County, New Hampshire (6, 7)",33015,No,1253,1175.8,1333.8,205,falling,-1.1,-1.7,-0.5,1.1 ,80.47 ,
"St. Johns County, Florida",12109,No,1064.1,987.3,1145.3,146,falling,-2.2,-2.7,-1.7,1.2 ,80.47 ,
"Wood County, Wisconsin",55141,No,1158.5,1035.4,1292.3,65,falling,-1.5,-2.2,-0.8,1.2 ,80.46 ,
"Sarpy County, Nebraska",31153,No,1280.5,1148.5,1423.4,73,falling,-1.1,-2.1,-0.2,1.2 ,80.45 ,
"Prince William County, Virginia",51153,No,1149.8,1045.3,1261.8,99,falling,-2.4,-3.2,-1.6,1.2 ,80.43 ,
"Frederick County, Maryland",24021,No,1142.3,1050.2,1240.2,118,falling,-1.5,-2.2,-0.8,1.2 ,80.40 ,
"Denton County, Texas",48121,No,1154.1,1080.1,1231.8,200,falling,-1.7,-2.2,-1.1,1.1 ,80.39 ,
"Yuma County, Arizona (3)",4027,No,823.1,750.3,901,95,stable,-0.6,-1.4,0.2,1.2 ,80.36 ,
"Sonoma County, California",6097,No,1171,1112.6,1231.6,312,falling,-1.1,-1.4,-0.7,1.1 ,80.35 ,
"Linn County, Iowa",19113,No,1214.8,1126.8,1307.8,143,falling,-1.6,-2.1,-1.1,1.2 ,80.34 ,
"Travis County, Texas",48453,No,1044.5,986.7,1104.7,255,falling,-1.8,-2.2,-1.3,1.1 ,80.33 ,
"Crow Wing County, Minnesota",27035,No,1210.2,1081.3,1350.2,65,falling,-1.2,-1.9,-0.4,1.2 ,80.33 ,
"Suffolk County, New York",36103,No,1173.6,1139.2,1208.7,897,falling,-2,-2.3,-1.7,1.1 ,80.31 ,
"Deschutes County, Oregon",41017,No,1107.3,1019.3,1200.8,122,falling,-1.3,-2.1,-0.6,1.2 ,80.31 ,
"Lee County, Florida",12071,No,896.5,864.8,929,610,falling,-1.8,-2.2,-1.5,1.1 ,80.30 ,
"Champaign County, Illinois",17019,No,1080.2,979.5,1188.3,85,falling,-1.7,-2.7,-0.8,1.2 ,80.29 ,
"Hillsborough County, New Hampshire (6, 7)",33011,No,1210.1,1141.7,1281.4,240,falling,-1.3,-1.9,-0.8,1.1 ,80.27 ,
"New London County, Connecticut",9011,No,1134.3,1060.7,1211.6,181,falling,-1.3,-1.9,-0.6,1.1 ,80.26 ,
"Gwinnett County, Georgia",13135,No,1137.2,1063.3,1214.8,192,falling,-1.7,-2,-1.4,1.1 ,80.26 ,
"Charlotte County, Florida",12015,No,965.8,913,1020.9,250,falling,-1.3,-1.6,-0.9,1.1 ,80.22 ,
"Union County, New Jersey",34039,No,1239.2,1167.1,1314.6,228,falling,-1.6,-1.9,-1.2,1.1 ,80.21 ,
"Cumberland County, Maine",23005,No,1266.8,1191.4,1345.6,215,falling,-3.3,-4.9,-1.6,1.1 ,80.21 ,
"Clackamas County, Oregon",41005,No,1084,1022.2,1148.5,239,falling,-3,-3.8,-2.2,1.1 ,80.20 ,
"Napa County, California",6055,No,1339.2,1228.4,1457.3,110,falling,-1.1,-1.7,-0.6,1.2 ,80.20 ,
"Dutchess County, New York",36027,No,1252.2,1174.3,1333.9,195,falling,-1.5,-2,-1,1.1 ,80.19 ,
"La Crosse County, Wisconsin",55063,No,1216,1099.5,1341.4,81,falling,-1.4,-2,-0.9,1.2 ,80.19 ,
"St. Charles County, Missouri",29183,No,1253.4,1178.5,1331.8,216,falling,-1.3,-1.8,-0.9,1.1 ,80.15 ,
"Thurston County, Washington",53067,No,1190.3,1108.7,1276.2,163,falling,-1.1,-1.7,-0.4,1.2 ,80.15 ,
"Medina County, Ohio",39103,No,1225.5,1128.5,1328.6,122,falling,-1.2,-1.8,-0.6,1.2 ,80.13 ,
"Berkshire County, Massachusetts",25003,No,1045.7,959.6,1137.4,110,falling,-3.6,-4.5,-2.7,1.2 ,80.13 ,
"Miami-Dade County, Florida",12086,No,1031.2,982.6,1081.6,345,falling,-1.9,-2.2,-1.5,1.1 ,80.09 ,
"Manitowoc County, Wisconsin",55071,No,1105.7,988.5,1232.8,66,falling,-1.4,-2.2,-0.7,1.2 ,80.09 ,
"Seminole County, Florida",12117,No,1216.5,1144.4,1291.9,218,falling,-1.2,-1.6,-0.8,1.1 ,80.08 ,
"Indian River County, Florida",12061,No,1168.8,1098.7,1242.4,209,falling,-0.7,-1.2,-0.2,1.1 ,80.08 ,
"Hartford County, Connecticut",9003,No,1184.2,1140.1,1229.7,556,falling,-1.7,-1.9,-1.4,1.1 ,80.07 ,
"Cumberland County, Pennsylvania",42041,No,1170.2,1094.6,1249.6,180,falling,-1.8,-2.3,-1.3,1.1 ,80.07 ,
"Fond du Lac County, Wisconsin",55039,No,1278.4,1156.9,1409.2,82,stable,-0.3,-1,0.4,1.2 ,80.07 ,
"Yolo County, California",6113,No,1212.8,1095.3,1339.5,80,falling,-1.1,-1.8,-0.4,1.2 ,80.07 ,
"Monroe County, Indiana",18105,No,1344,1213.9,1484.3,79,falling,-0.8,-1.4,-0.3,1.2 ,80.06 ,
"York County, Maine",23031,No,1214,1131.5,1301,164,falling,-1.7,-2.2,-1.2,1.1 ,80.05 ,
"Livingston County, Michigan",26093,No,1079.9,986.2,1180,104,falling,-2.1,-2.8,-1.3,1.2 ,80.05 ,
"Northampton County, Pennsylvania",42095,No,1318.1,1245.7,1393.6,252,falling,-1,-1.4,-0.6,1.1 ,80.03 ,
"Sheboygan County, Wisconsin",55117,No,1282.2,1167.8,1404.6,93,stable,-0.7,-1.4,0,1.2 ,80.03 ,
"Bucks County, Pennsylvania",42017,No,1241.8,1191.7,1293.4,470,falling,-1.7,-2.1,-1.3,1.1 ,80.02 ,
"Pennington County, South Dakota",46103,No,1124,1007.2,1250.6,68,falling,-1.7,-2.6,-0.9,1.2 ,80.02 ,
"Winnebago County, Wisconsin",55139,No,1245.9,1148.8,1349.1,123,falling,-1.1,-1.6,-0.6,1.2 ,79.99 ,
"Dubuque County, Iowa",19061,No,1177.9,1059,1306.5,72,falling,-1.6,-2.2,-0.9,1.2 ,79.97 ,
"Snohomish County, Washington",53061,No,1194.5,1138.2,1252.9,349,falling,-1.2,-1.6,-0.7,1.1 ,79.95 ,
"Merrimack County, New Hampshire (6, 7)",33013,No,1178.5,1077.6,1286.2,103,falling,-1.2,-1.9,-0.4,1.2 ,79.94 ,
"Monroe County, New York",36055,No,1169.4,1121.7,1218.6,461,falling,-1.4,-1.7,-1.2,1.1 ,79.91 ,
"Manatee County, Florida",12081,No,920.8,876.3,967.1,321,falling,-1.6,-2,-1.2,1.1 ,79.91 ,
"Hendricks County, Indiana",18063,No,1276,1154.7,1406.4,85,falling,-1.8,-2.2,-1.3,1.2 ,79.91 ,
"Warren County, New Jersey",34041,No,1248.1,1125.4,1380.4,77,falling,-1.1,-1.9,-0.4,1.2 ,79.91 ,
"Oakland County, Michigan",26125,No,1148.3,1109.6,1188.1,682,falling,-1.6,-1.8,-1.4,1.1 ,79.89 ,
"Ramsey County, Minnesota",27123,No,1208.9,1145.8,1274.5,280,falling,-1.3,-1.5,-1,1.1 ,79.89 ,
"McHenry County, Illinois",17111,No,1348.6,1256.7,1445.3,169,falling,-1.3,-1.8,-0.7,1.2 ,79.89 ,
"Monmouth County, New Jersey",34025,No,1227.5,1173.2,1283.7,394,falling,-1.9,-2.2,-1.6,1.1 ,79.88 ,
"McLean County, Illinois",17113,No,1332.8,1214.3,1459.7,95,falling,-0.9,-1.6,-0.3,1.2 ,79.88 ,
"Chesterfield County, Virginia",51041,No,1213.4,1124.7,1307.1,148,falling,-1.7,-2.3,-1,1.2 ,79.86 ,
"Jefferson County, Colorado (8)",8059,No,1033.2,979.2,1089.3,282,falling,-1.8,-2.5,-1.2,1.1 ,79.85 ,
"Denver County, Colorado",8031,No,1197.5,1126.3,1272.1,219,falling,-1.3,-1.8,-0.9,1.1 ,79.85 ,
"Arapahoe County, Colorado",8005,No,976.3,917.4,1037.9,212,falling,-1.7,-2.1,-1.3,1.1 ,79.85 ,
"Adams County, Colorado (8)",8001,No,1227.3,1138.3,1321.4,147,falling,-2.5,-4.1,-0.8,1.2 ,79.85 ,
"Ulster County, New York",36111,No,1140.6,1053.3,1233.2,129,falling,-2,-2.5,-1.6,1.2 ,79.85 ,
"Boulder County, Colorado (8)",8013,No,882.5,808.5,961.3,108,falling,-3.4,-5.1,-1.6,1.2 ,79.85 ,
"Weld County, Colorado (8)",8123,No,1079.9,986.4,1179.7,102,stable,-0.9,-2.8,1,1.2 ,79.85 ,
"Maricopa County, Arizona",4013,No,1026.9,1006.3,1047.9,1907,falling,-1.7,-1.8,-1.5,1.0 ,79.84 ,
"El Paso County, Colorado",8041,No,1055.9,997,1117.4,249,falling,-2.3,-2.9,-1.8,1.1 ,79.82 ,
"New Haven County, Connecticut",9009,No,1221.2,1176,1267.6,566,stable,-4.3,-10.7,2.5,1.1 ,79.79 ,
"Kent County, Michigan",26081,No,1104.3,1048.3,1162.5,297,falling,-1.5,-1.8,-1.2,1.1 ,79.79 ,
"El Paso County, Texas",48141,No,1168.6,1068.3,1275.7,101,falling,-2.9,-4,-1.7,1.2 ,79.79 ,
"Yamhill County, Oregon",41071,No,1231,1106.7,1365.3,73,falling,-0.9,-1.8,-0.1,1.2 ,79.77 ,
"Will County, Illinois",17197,No,1372.6,1303.9,1444,311,falling,-0.9,-1.3,-0.5,1.1 ,79.76 ,
"Riverside County, California",6065,No,1154.6,1122.9,1186.9,1014,falling,-0.9,-1.1,-0.7,1.1 ,79.75 ,
"Franklin County, Pennsylvania",42055,No,1110.4,1022.8,1203.4,120,falling,-1,-1.6,-0.5,1.2 ,79.71 ,
"Clark County, Washington",53011,No,1282.1,1212.6,1354.5,266,falling,-1.3,-1.6,-0.9,1.1 ,79.69 ,
"Cobb County, Georgia",13067,No,1219.7,1151.6,1290.7,256,falling,-1.7,-2.1,-1.2,1.1 ,79.69 ,
"Albany County, New York",36001,No,1263.9,1186.1,1345.3,201,falling,-1.3,-1.8,-0.8,1.1 ,79.68 ,
"Benton County, Washington",53005,No,1238.3,1133.8,1349.8,106,falling,-1.4,-2.1,-0.8,1.2 ,79.68 ,
"Roanoke County, Virginia",51161,No,1185.1,1068.4,1311,77,falling,-0.9,-1.7,-0.2,1.2 ,79.68 ,
"Burlington County, New Jersey",34005,No,1283.1,1216.6,1352.1,284,falling,-1.5,-1.8,-1.3,1.1 ,79.67 ,
"Ontario County, New York",36069,No,1140.6,1031.2,1258.4,82,falling,-1.6,-2.4,-0.9,1.2 ,79.67 ,
"Adams County, Pennsylvania",42001,No,1217.1,1105.2,1337.2,88,falling,-1.3,-1.9,-0.8,1.2 ,79.66 ,
"Worcester County, Massachusetts",25027,No,1269.6,1220.9,1319.7,525,falling,-1.5,-1.8,-1.2,1.1 ,79.65 ,
"Onondaga County, New York",36067,No,1276.8,1215.8,1340.1,335,falling,-1.1,-1.4,-0.9,1.1 ,79.65 ,
"Kings County, New York",36047,No,1030.5,993.1,1069.1,583,stable,-0.1,-0.8,0.5,1.1 ,79.64 ,
"Virginia Beach City, Virginia",51810,No,1176.5,1101.5,1255.1,188,falling,-1.8,-2.2,-1.4,1.1 ,79.63 ,
"Hudson County, New Jersey",34017,No,1423.4,1326.7,1525.4,163,falling,-1.7,-2.1,-1.3,1.1 ,79.62 ,
"Kitsap County, Washington",53035,No,1232.6,1149.9,1319.6,173,falling,-1.3,-1.7,-0.9,1.1 ,79.61 ,
"Lebanon County, Pennsylvania",42075,No,1249.7,1151.4,1354.3,120,falling,-1.8,-2.4,-1.2,1.2 ,79.60 ,
"Walworth County, Wisconsin",55127,No,1293,1165.6,1430.3,77,falling,-1.1,-1.7,-0.6,1.2 ,79.60 ,
"Strafford County, New Hampshire (6, 7)",33017,No,1340.8,1214.3,1476.7,84,falling,-1.3,-2.1,-0.4,1.2 ,79.58 ,
"Missoula County, Montana",30063,No,1213.7,1086.5,1351.5,69,stable,-0.7,-1.5,0.2,1.2 ,79.58 ,
"Pinal County, Arizona",4021,No,951.3,893.5,1011.8,221,falling,-1.6,-2.2,-1,1.1 ,79.57 ,
"Flagler County, Florida",12035,No,1203.4,1105.5,1307.5,115,stable,-0.4,-1.3,0.4,1.2 ,79.57 ,
"Skagit County, Washington",53057,No,1277.7,1171.7,1390.7,109,stable,-0.3,-1.1,0.5,1.2 ,79.57 ,
"Lehigh County, Pennsylvania",42077,No,1205.2,1138.5,1274.7,247,falling,-1.2,-1.6,-0.7,1.1 ,79.56 ,
"Richmond County, New York",36085,No,1200.7,1133.4,1270.9,244,falling,-1.4,-1.9,-1,1.1 ,79.55 ,
"Schenectady County, New York",36093,No,1298.9,1194,1410.5,117,falling,-0.8,-1.3,-0.2,1.2 ,79.55 ,
"Eaton County, Michigan",26045,No,1147.6,1030.6,1274,72,stable,-0.9,-1.9,0.1,1.2 ,79.55 ,
"Boone County, Missouri",29019,No,1188.8,1068.8,1318.4,73,falling,-1,-1.7,-0.3,1.2 ,79.54 ,
"Passaic County, New Jersey",34031,No,1266.7,1191.9,1344.9,218,falling,-1.5,-1.9,-1.2,1.1 ,79.53 ,
"Benton County, Arkansas",5007,No,1211.4,1123.8,1303.9,143,falling,-0.8,-1.4,-0.3,1.2 ,79.53 ,
"Greene County, Ohio",39057,No,1066.1,972.8,1166,98,falling,-2,-2.7,-1.4,1.2 ,79.53 ,
"Orange County, New York",36071,No,1281.4,1200.1,1366.7,190,falling,-1.1,-1.8,-0.4,1.1 ,79.52 ,
"Salt Lake County, Utah",49035,No,995.8,949.5,1043.8,356,falling,-1.2,-1.6,-0.9,1.1 ,79.49 ,
"Lane County, Oregon",41039,No,1132.3,1071.4,1195.7,265,falling,-2.1,-2.7,-1.5,1.1 ,79.49 ,
"Kootenai County, Idaho",16055,No,1332.1,1226.6,1444.1,123,stable,2.4,-0.5,5.5,1.2 ,79.45 ,
"Warren County, Ohio",39165,No,1158.3,1065.3,1257.2,118,falling,-2.1,-2.6,-1.6,1.2 ,79.45 ,
"Comal County, Texas",48091,No,1139.5,1026.5,1261.3,78,falling,-1.7,-2.4,-0.9,1.2 ,79.42 ,
"Plymouth County, Massachusetts",25023,No,1245.3,1186.6,1306.2,348,falling,-2.9,-3.9,-1.9,1.1 ,79.40 ,
"York County, Pennsylvania",42133,No,1219.4,1159.6,1281.6,317,falling,-1.3,-1.7,-0.9,1.1 ,79.40 ,
"Berks County, Pennsylvania",42011,No,1170.4,1110.5,1232.7,289,falling,-1.8,-2.4,-1.2,1.1 ,79.40 ,
"Moore County, North Carolina",37125,No,1024.3,930.4,1125,88,falling,-1.8,-2.3,-1.2,1.2 ,79.40 ,
"Mercer County, New Jersey",34021,No,1202.6,1124.2,1285.1,178,falling,-1.7,-2.1,-1.3,1.1 ,79.38 ,
"Clallam County, Washington",53009,No,1233.9,1126.8,1348.5,98,falling,-0.9,-1.6,-0.3,1.2 ,79.38 ,
"Sussex County, New Jersey",34037,No,1257.5,1144.1,1379.1,96,falling,-1.8,-2.4,-1.3,1.2 ,79.36 ,
"Minnehaha County, South Dakota",46099,No,1415.8,1301,1538,115,falling,-0.8,-1.4,-0.2,1.2 ,79.35 ,
"Black Hawk County, Iowa",19013,No,1162.6,1055.9,1277.2,88,falling,-2,-2.6,-1.3,1.2 ,79.34 ,
"Wood County, Ohio",39173,No,1252,1132.3,1380.7,81,falling,-1.4,-2,-0.7,1.2 ,79.34 ,
"Frederick County, Virginia",51069,No,1552.3,1388.7,1729.7,68,stable,-0.9,-1.9,0,1.2 ,79.33 ,
"Harford County, Maryland",24025,No,1276.5,1184.7,1373.6,149,stable,3.8,-1.7,9.7,1.2 ,79.32 ,
"Broome County, New York",36007,No,1102.2,1024,1184.9,148,falling,-1.8,-2.4,-1.2,1.2 ,79.30 ,
"Bristol County, Massachusetts",25005,No,1252.9,1197.6,1310,395,falling,-1.4,-1.7,-1.1,1.1 ,79.29 ,
"Henrico County, Virginia",51087,No,1248.1,1158.5,1342.7,148,falling,-1.4,-2,-0.9,1.2 ,79.28 ,
"St. Louis County, Missouri",29189,No,1110.4,1070.5,1151.5,592,falling,-1.7,-1.9,-1.5,1.1 ,79.26 ,
"Ocean County, New Jersey",34029,No,1244.9,1201.1,1289.9,613,falling,-1.4,-1.7,-1.2,1.1 ,79.25 ,
"Broward County, Florida",12011,No,1160.3,1126.2,1195.2,906,falling,-1.1,-1.2,-0.9,1.1 ,79.23 ,
"Dodge County, Wisconsin",55027,No,1265.4,1139.6,1401.4,74,stable,-0.9,-1.8,0,1.2 ,79.22 ,
"Mecklenburg County, North Carolina",37119,No,1097,1038.7,1157.6,273,falling,-2,-2.4,-1.7,1.1 ,79.21 ,
"Suffolk County, Massachusetts",25025,No,1359.6,1287.3,1434.8,269,falling,-1.6,-1.9,-1.3,1.1 ,79.21 ,
"New Hanover County, North Carolina",37129,No,1148.6,1058.3,1244.6,122,falling,-1.9,-2.4,-1.4,1.2 ,79.21 ,
"Shelby County, Alabama",1117,No,1214.1,1109.7,1325.7,105,falling,-1,-1.8,-0.2,1.2 ,79.18 ,
"Carroll County, Maryland",24013,No,1219,1118.2,1326.4,111,falling,-1.8,-2.4,-1.2,1.2 ,79.16 ,
"Solano County, California",6095,No,1445.4,1351.7,1543.7,183,falling,-0.9,-1.4,-0.4,1.1 ,79.15 ,
"Cherokee County, Georgia",13057,No,1167.9,1058.3,1285.5,96,falling,-1.8,-2.6,-0.9,1.2 ,79.14 ,
"Providence County, Rhode Island",44007,No,1388.5,1329.6,1449.5,427,falling,-1.1,-1.4,-0.9,1.1 ,79.13 ,
"Kent County, Rhode Island",44003,No,1363.9,1264.8,1468.7,143,falling,-1.1,-1.5,-0.6,1.2 ,79.13 ,
"Pima County, Arizona",4019,No,1086.6,1048.8,1125.4,629,falling,-1.4,-1.7,-1.2,1.1 ,79.12 ,
"Orange County, Florida",12095,No,1282.4,1225.3,1341.4,389,falling,-1.1,-1.4,-0.9,1.1 ,79.12 ,
"Anne Arundel County, Maryland",24003,No,1252.4,1187.8,1319.5,295,falling,-1.7,-2.2,-1.3,1.1 ,79.11 ,
"Butler County, Pennsylvania",42019,No,1293.6,1204.1,1388,157,falling,-0.9,-1.3,-0.5,1.2 ,79.11 ,
"Clinton County, New York",36019,No,1435.9,1283.8,1601,67,stable,-0.8,-1.9,0.2,1.2 ,79.11 ,
"Henderson County, North Carolina",37089,No,1070.8,984.1,1163,113,falling,-1.7,-2.3,-1.2,1.2 ,79.10 ,
"Lake County, Ohio",39085,No,1368.3,1285.4,1455,207,falling,-0.7,-1.1,-0.4,1.1 ,79.08 ,
"Westmoreland County, Pennsylvania",42129,No,1277.1,1219.2,1336.9,370,falling,-1.1,-1.4,-0.8,1.1 ,79.07 ,
"Randall County, Texas",48381,No,1233.7,1109.9,1367.4,75,stable,-0.2,-1,0.5,1.2 ,79.04 ,
"Oneida County, New York",36065,No,1259.2,1181.2,1341.1,197,falling,-1.4,-1.9,-0.9,1.1 ,79.03 ,
"Tippecanoe County, Indiana",18157,No,1159.9,1048.2,1280.3,80,falling,-2.1,-2.8,-1.3,1.2 ,79.03 ,
"Allegan County, Michigan",26005,No,1277.7,1152.9,1412.2,79,falling,-0.8,-1.6,-0.1,1.2 ,79.03 ,
"Wayne County, New York",36117,No,1246.7,1118.4,1385.7,71,falling,-1.5,-2.2,-0.7,1.2 ,79.02 ,
"Jackson County, Oregon",41029,No,1252.7,1175.9,1333.2,201,falling,-1.4,-1.9,-0.9,1.1 ,79.00 ,
"Clay County, Missouri",29047,No,1289,1190.6,1393.3,131,falling,-1,-1.7,-0.4,1.2 ,79.00 ,
"Scott County, Iowa",19163,No,1328.8,1221.5,1443,116,falling,-0.9,-1.5,-0.4,1.2 ,79.00 ,
"Leon County, Florida",12073,No,1123.7,1024.6,1229.9,99,falling,-1.9,-2.7,-1.1,1.2 ,79.00 ,
"Baltimore County, Maryland",24005,No,1202.1,1154.8,1251,502,falling,-1.9,-2.1,-1.6,1.1 ,78.99 ,
"Yavapai County, Arizona",4025,No,1074.6,1015.5,1136.3,252,falling,-1,-1.5,-0.6,1.1 ,78.98 ,
"St. Louis County, Minnesota",27137,No,1332.3,1246.9,1421.9,184,falling,-0.8,-1.4,-0.3,1.1 ,78.98 ,
"Polk County, Iowa",19153,No,1360.9,1285.3,1439.7,248,falling,-1,-1.4,-0.7,1.1 ,78.96 ,
"Racine County, Wisconsin",55101,No,1263.4,1167,1365.7,129,falling,-1,-1.5,-0.5,1.2 ,78.95 ,
"Canyon County, Idaho",16027,No,1063.6,967.7,1166.4,93,falling,-1.5,-2.1,-0.8,1.2 ,78.94 ,
"Weber County, Utah",49057,No,968.5,882.8,1060.1,95,falling,-1.2,-1.6,-0.7,1.2 ,78.93 ,
"Indiana County, Pennsylvania",42063,No,1148.5,1029,1278.1,68,falling,-1.3,-2,-0.6,1.2 ,78.93 ,
"Ingham County, Michigan",26065,No,1075.8,989.4,1167.7,118,falling,-1.9,-2.5,-1.3,1.2 ,78.90 ,
"Monroe County, Pennsylvania",42089,No,1306.3,1197.1,1422.8,110,falling,-1.2,-1.9,-0.6,1.2 ,78.90 ,
"Mesa County, Colorado",8077,No,1111.8,1018.1,1211.9,105,falling,-1.4,-2,-0.8,1.2 ,78.89 ,
"Lake County, Florida",12069,No,1118.6,1066.7,1172.5,350,falling,-1.2,-1.5,-0.8,1.1 ,78.88 ,
"Elkhart County, Indiana",18039,No,1261.1,1163,1365.2,124,stable,-0.5,-1,0,1.2 ,78.88 ,
"Marion County, Oregon",41047,No,1235.7,1161,1313.9,207,stable,3.2,-3.5,10.2,1.1 ,78.87 ,
"Windham County, Connecticut",9015,No,1165.8,1049,1292,75,falling,-3.3,-4.6,-1.9,1.2 ,78.87 ,
"Sacramento County, California",6067,No,1274.9,1229.9,1321.2,616,falling,-0.9,-1.1,-0.7,1.1 ,78.86 ,
"Rock Island County, Illinois",17161,No,1236.9,1137.1,1343,115,falling,-1.5,-2.1,-0.9,1.2 ,78.84 ,
"Jefferson County, New York",36045,No,1267.2,1135.7,1409.6,69,falling,-1.5,-2.3,-0.7,1.2 ,78.83 ,
"Osceola County, Florida",12097,No,1173.8,1068.1,1287.1,94,falling,-1.1,-1.7,-0.4,1.2 ,78.82 ,
"Spokane County, Washington",53063,No,1212.3,1152.5,1274.3,316,falling,-1.3,-1.6,-1,1.1 ,78.81 ,
"Chautauqua County, New York",36013,No,1166.4,1070.4,1268.7,110,falling,-1.6,-2.1,-1,1.2 ,78.80 ,
"Yellowstone County, Montana",30111,No,1149.6,1051.9,1253.8,104,falling,-1.5,-2.2,-0.9,1.2 ,78.80 ,
"Highlands County, Florida",12055,No,1034,959.7,1112.6,144,falling,-1.2,-1.7,-0.7,1.2 ,78.79 ,
"St. Lucie County, Florida",12111,No,1065.5,1006.5,1127,245,falling,-1.5,-1.9,-1.1,1.1 ,78.78 ,
"Bernalillo County, New Mexico",35001,No,1066.2,1006.6,1128.3,243,falling,-1.5,-1.8,-1.1,1.1 ,78.78 ,
"Merced County, California",6047,No,1298.6,1175.2,1431.4,82,falling,-1.2,-1.7,-0.6,1.2 ,78.78 ,
"Lenawee County, Michigan",26091,No,1333.7,1203.9,1473.6,79,stable,-0.2,-0.9,0.4,1.2 ,78.77 ,
"Kalamazoo County, Michigan",26077,No,1200.7,1114.8,1291.5,147,falling,-1.3,-1.7,-0.8,1.2 ,78.76 ,
"Lycoming County, Pennsylvania",42081,No,1216.1,1110.8,1328.7,99,falling,-1.2,-1.7,-0.7,1.2 ,78.75 ,
"Wayne County, Ohio",39169,No,1127.7,1019.9,1243.7,81,falling,-1.4,-2.1,-0.8,1.2 ,78.75 ,
"Portage County, Ohio",39133,No,1308.1,1202.7,1420.3,117,falling,-2.1,-3.2,-1,1.2 ,78.74 ,
"Porter County, Indiana",18127,No,1349.6,1237.9,1468.5,112,falling,-1.1,-1.7,-0.6,1.2 ,78.74 ,
"Macomb County, Michigan",26099,No,1312.7,1266.8,1359.9,626,falling,-1.4,-1.7,-1.1,1.1 ,78.73 ,
"Fairfield County, Ohio",39045,No,1230.7,1120.3,1349,94,falling,-1.5,-2,-0.9,1.2 ,78.73 ,
"Tuscarawas County, Ohio",39157,No,1175.7,1060.3,1300.1,77,falling,-1.4,-2,-0.7,1.2 ,78.73 ,
"Hampden County, Massachusetts",25013,No,1341.9,1276.3,1410.1,321,falling,-1.3,-1.7,-0.9,1.1 ,78.72 ,
"Rock County, Wisconsin",55105,No,1340.5,1235.4,1452,122,falling,-1.2,-1.9,-0.6,1.2 ,78.72 ,
"Allen County, Indiana",18003,No,1240.2,1163.8,1320.2,200,falling,-1.6,-2,-1.3,1.1 ,78.70 ,
"Miami County, Ohio",39109,No,1185.8,1068.8,1311.9,78,falling,-1.5,-2.2,-0.8,1.2 ,78.69 ,
"Multnomah County, Oregon",41051,No,1274.5,1215.4,1335.8,365,falling,-1.4,-1.7,-1.1,1.1 ,78.67 ,
"Tazewell County, Illinois",17179,No,1397.3,1290.6,1510.5,128,falling,-0.9,-1.3,-0.5,1.2 ,78.67 ,
"Chemung County, New York",36015,No,1229.5,1104.4,1364.8,71,falling,-1.5,-2.2,-0.9,1.2 ,78.66 ,
"Douglas County, Nebraska",31055,No,1333.6,1263.3,1406.7,275,falling,-1,-1.5,-0.6,1.1 ,78.64 ,
"Fresno County, California",6019,No,1169,1109.4,1230.9,294,falling,-1.3,-1.6,-1,1.1 ,78.63 ,
"Somerset County, Pennsylvania",42111,No,1196.9,1078.5,1324.8,75,falling,-0.9,-1.4,-0.4,1.2 ,78.63 ,
"Anchorage Borough, Alaska",2020,No,1139.9,1027.9,1260.6,84,falling,-1.6,-2.6,-0.6,1.2 ,78.62 ,
"Erie County, New York",36029,No,1304.3,1260.9,1348.8,692,stable,1.3,-1.9,4.6,1.1 ,78.61 ,
"Union County, North Carolina",37179,No,1169.3,1055.8,1291.6,86,falling,-1.6,-2.4,-0.7,1.2 ,78.61 ,
"Rensselaer County, New York",36083,No,1341.6,1234.6,1455.3,119,falling,-1.2,-1.8,-0.5,1.2 ,78.59 ,
"Hall County, Georgia",13139,No,1070.4,971.5,1176.7,89,falling,-2,-2.7,-1.3,1.2 ,78.59 ,
"Aroostook County, Maine",23003,No,1293.5,1164.2,1433.1,75,falling,-0.9,-1.5,-0.3,1.2 ,78.59 ,
"Beaver County, Pennsylvania",42007,No,1390.9,1300.4,1485.9,178,falling,-1.4,-1.8,-0.9,1.1 ,78.57 ,
"Steuben County, New York",36101,No,1304,1185.4,1431.3,90,falling,-1.3,-1.7,-0.8,1.2 ,78.57 ,
"Brevard County, Florida",12009,No,1287.7,1241.9,1334.7,600,falling,-0.8,-1.1,-0.5,1.1 ,78.55 ,
"DeKalb County, Georgia",13089,No,1170.4,1089.7,1255.5,159,falling,-1.5,-2.1,-0.9,1.2 ,78.54 ,
"Bexar County, Texas",48029,No,1212.1,1162.8,1263,461,falling,-1.5,-1.7,-1.2,1.1 ,78.53 ,
"Erie County, Pennsylvania",42049,No,1282.7,1206.1,1362.8,213,falling,-1.2,-1.6,-0.8,1.1 ,78.52 ,
"Cochise County, Arizona",4003,No,1105.1,1006.3,1210.9,95,falling,-1.6,-2.2,-1,1.2 ,78.51 ,
"Johnson County, Indiana",18081,No,1131.1,1023.2,1247.2,83,falling,-4.7,-7.8,-1.5,1.2 ,78.51 ,
"Buncombe County, North Carolina",37021,No,1099.7,1026.8,1176.5,172,falling,-1.8,-2.2,-1.3,1.1 ,78.50 ,
"New Castle County, Delaware",10003,No,1248.3,1183.5,1315.6,282,falling,-1.6,-2,-1.3,1.1 ,78.49 ,
"Guilford County, North Carolina",37081,No,1170.3,1103.4,1240.1,232,falling,-1.7,-2.1,-1.4,1.1 ,78.49 ,
"Lapeer County, Michigan",26087,No,1363.2,1217.8,1521.1,69,stable,-0.9,-1.8,0.1,1.2 ,78.49 ,
"Pinellas County, Florida",12103,No,1090.6,1058.4,1123.6,876,falling,-1.3,-1.4,-1.1,1.1 ,78.47 ,
"Pierce County, Washington",53053,No,1275.7,1221.6,1331.6,430,falling,-1,-1.4,-0.7,1.1 ,78.46 ,
"Sussex County, Delaware",10005,No,1165.6,1092.4,1242.4,201,falling,-1.7,-2.1,-1.3,1.1 ,78.46 ,
"Penobscot County, Maine",23019,No,1347.8,1246.1,1455.4,132,falling,-1.2,-1.7,-0.7,1.2 ,78.46 ,
"Harris County, Texas",48201,No,1205,1171.2,1239.5,1004,stable,-0.2,-1.9,1.5,1.1 ,78.45 ,
"Cook County, Illinois",17031,No,1256.9,1232.2,1281.9,2011,falling,-1.6,-1.8,-1.4,1.0 ,78.44 ,
"Dauphin County, Pennsylvania",42043,No,1156.9,1075.9,1242.3,154,falling,-1.4,-1.9,-0.9,1.2 ,78.44 ,
"Montgomery County, Texas",48339,No,1199.3,1127.1,1274.8,225,falling,-2.2,-2.7,-1.7,1.1 ,78.43 ,
"Allegheny County, Pennsylvania",42003,No,1269.8,1234,1306.2,976,falling,-1.5,-1.7,-1.3,1.1 ,78.41 ,
"Stark County, Ohio",39151,No,1240.7,1178.8,1305.1,305,falling,-1.4,-1.7,-1.1,1.1 ,78.41 ,
"Lorain County, Ohio",39093,No,1306.3,1229.4,1386.6,220,falling,-1.5,-2,-1,1.1 ,78.41 ,
"Delaware County, Pennsylvania",42045,No,1312.7,1253.6,1373.9,379,falling,-1.8,-2.2,-1.4,1.1 ,78.40 ,
"Bay County, Michigan",26017,No,1250.2,1136.2,1372.5,90,falling,-1.5,-2.2,-0.8,1.2 ,78.40 ,
"Niagara County, New York",36063,No,1297.3,1213.1,1385.8,179,falling,-1.3,-1.8,-0.8,1.1 ,78.39 ,
"Fayette County, Kentucky",21067,No,1215,1124.2,1311.2,135,falling,-2,-2.5,-1.4,1.2 ,78.38 ,
"Monroe County, Michigan",26115,No,1330.1,1221.8,1445.3,116,falling,-1.1,-1.9,-0.4,1.2 ,78.38 ,
"Kenosha County, Wisconsin",55059,No,1421,1302.6,1547.1,108,falling,-1.1,-1.6,-0.6,1.2 ,78.37 ,
"Lawrence County, Pennsylvania",42073,No,1351.6,1232.7,1478.9,96,falling,-1,-1.5,-0.5,1.2 ,78.37 ,
"Gloucester County, New Jersey",34015,No,1453,1361.6,1548.9,193,falling,-1.4,-2,-0.8,1.1 ,78.34 ,
"Durham County, North Carolina",37063,No,1097.7,991.9,1211.5,81,falling,-6.2,-10.1,-2,1.2 ,78.33 ,
"Cleveland County, Oklahoma (6, 7)",40027,No,1289.5,1193,1391.8,137,*,*,*,*,1.2 ,78.32 ,
"Mercer County, Pennsylvania",42085,No,1299.6,1195.5,1410.3,116,falling,-0.9,-1.5,-0.4,1.2 ,78.32 ,
"Okaloosa County, Florida",12091,No,1263.2,1166.3,1365.8,131,falling,-1.6,-2.2,-1,1.2 ,78.30 ,
"Sangamon County, Illinois",17167,No,1298.7,1202.7,1400.3,137,falling,-0.8,-1.3,-0.2,1.2 ,78.29 ,
"Kennebec County, Maine",23011,No,1362.1,1251.5,1479.9,114,falling,-1,-1.7,-0.4,1.2 ,78.29 ,
"Clearfield County, Pennsylvania",42033,No,1434.1,1301.2,1576.8,86,stable,-0.6,-1.3,0.1,1.2 ,78.28 ,
"Alachua County, Florida",12001,No,1249,1149.6,1354.6,121,falling,-1.5,-1.9,-1.1,1.2 ,78.27 ,
"Woodbury County, Iowa",19193,No,1315,1179.7,1461.5,70,stable,5,-3.9,14.7,1.2 ,78.27 ,
"St. Lawrence County, New York",36089,No,1163.8,1049.4,1287.2,78,falling,-1.6,-2.2,-1,1.2 ,78.26 ,
"Tarrant County, Texas",48439,No,1244.5,1201.9,1288.3,664,falling,-1.6,-1.9,-1.4,1.1 ,78.25 ,
"Chesapeake City, Virginia",51550,No,1362.4,1236.6,1497.4,90,falling,-1.5,-2.3,-0.7,1.2 ,78.25 ,
"Washington County, Pennsylvania",42125,No,1339.5,1257.7,1425.3,202,falling,-1.1,-1.6,-0.7,1.1 ,78.24 ,
"Yakima County, Washington",53077,No,1254.4,1159,1355.6,130,falling,-0.7,-1.1,-0.2,1.2 ,78.24 ,
"San Bernardino County, California",6071,No,1378.3,1330.7,1427.3,648,falling,-0.8,-1,-0.5,1.1 ,78.23 ,
"Haywood County, North Carolina",37087,No,1242,1109.8,1385.6,66,stable,-0.6,-1.3,0.2,1.2 ,78.23 ,
"Summit County, Ohio",39153,No,1258.4,1202,1316.8,379,falling,-1.2,-1.5,-0.8,1.1 ,78.21 ,
"Hillsborough County, Florida",12057,No,1246.7,1201.3,1293.4,580,falling,-1.5,-1.7,-1.3,1.1 ,78.20 ,
"Cass County, Missouri",29037,No,1249.5,1123.6,1385.6,73,stable,-0.5,-1.4,0.4,1.2 ,78.19 ,
"St. Joseph County, Indiana",18141,No,1343.9,1257.6,1434.6,184,falling,-1.4,-1.7,-1.1,1.1 ,78.18 ,
"Brazoria County, Texas",48039,No,1283,1184.2,1387.8,130,falling,-1.9,-2.3,-1.5,1.2 ,78.18 ,
"Linn County, Oregon",41043,No,1300.5,1189,1419.5,102,falling,-0.7,-1.4,-0.1,1.2 ,78.17 ,
"Oswego County, New York",36075,No,1390,1263.5,1525.6,92,falling,-0.9,-1.6,-0.3,1.2 ,78.16 ,
"Washington County, Maryland",24043,No,1290.2,1185.5,1401.6,113,falling,-1.5,-2.1,-0.8,1.2 ,78.15 ,
"Winnebago County, Illinois",17201,No,1331.8,1252.1,1415.2,212,falling,-1,-1.5,-0.6,1.1 ,78.13 ,
"San Joaquin County, California",6077,No,1275.8,1204.5,1350.3,244,falling,-1,-1.4,-0.7,1.1 ,78.12 ,
"Washington County, Arkansas",5143,No,1304.5,1194.3,1422,106,stable,-0.7,-1.4,0,1.2 ,78.12 ,
"Cape May County, New Jersey",34009,No,1384.4,1274.3,1501.3,119,stable,-0.6,-1.3,0.1,1.2 ,78.11 ,
"Saline County, Arkansas",5125,No,1266,1149,1391.6,91,stable,-0.7,-1.5,0.1,1.2 ,78.10 ,
"Dallas County, Texas",48113,No,1173.3,1133.2,1214.4,659,falling,-1.9,-2.1,-1.6,1.1 ,78.09 ,
"Nueces County, Texas",48355,No,1252.4,1149,1362.6,110,falling,-1.7,-2.2,-1.2,1.2 ,78.08 ,
"Peoria County, Illinois",17143,No,1278.4,1179.5,1383.3,125,falling,-1.4,-1.9,-0.9,1.2 ,78.07 ,
"Brunswick County, North Carolina",37019,No,1223.2,1118.8,1334.6,121,falling,-1.3,-1.9,-0.7,1.2 ,78.07 ,
"Northumberland County, Pennsylvania",42097,No,1351.8,1234.5,1477.1,99,falling,-1.6,-2.2,-0.9,1.2 ,78.07 ,
"Androscoggin County, Maine",23001,No,1342.4,1217.8,1476.1,87,falling,-1.6,-2.3,-0.8,1.2 ,78.07 ,
"Bronx County, New York",36005,No,1253.6,1174.8,1336.3,196,stable,-0.5,-0.9,0,1.1 ,78.06 ,
"La Salle County, Illinois",17099,No,1400.9,1285.7,1523.5,110,falling,-0.6,-1.1,-0.2,1.2 ,78.06 ,
"Cambria County, Pennsylvania",42021,No,1221.9,1130.3,1318.8,134,falling,-1.5,-2,-1,1.2 ,78.05 ,
"Newport News City, Virginia",51700,No,1327.4,1189.6,1476.8,69,falling,-1.3,-2,-0.6,1.2 ,78.05 ,
"Pottawattamie County, Iowa",19155,No,1320.2,1187.6,1463.6,73,stable,-0.7,-1.6,0.3,1.2 ,78.02 ,
"Shawnee County, Kansas",20177,No,1198.9,1104.3,1299.5,120,falling,-1.5,-2,-1,1.2 ,78.00 ,
"Jackson County, Michigan",26075,No,1299.5,1198.1,1407.2,124,falling,-1.1,-1.7,-0.4,1.2 ,77.99 ,
"Forsyth County, North Carolina",37067,No,1268.1,1189.3,1350.7,195,falling,-1,-1.6,-0.5,1.1 ,77.97 ,
"Greene County, Missouri",29077,No,1202.6,1127.5,1281.3,193,falling,-1.2,-1.7,-0.7,1.1 ,77.97 ,
"Lewis County, Washington",53041,No,1287.7,1159.1,1426.4,75,falling,-1.1,-1.9,-0.4,1.2 ,77.97 ,
"Butte County, California",6007,No,1229.9,1148.4,1315.6,172,falling,-1.5,-2,-0.9,1.1 ,77.95 ,
"Macon County, Illinois",17115,No,1352.2,1232.9,1480,95,falling,-0.9,-1.5,-0.3,1.2 ,77.95 ,
"Allen County, Ohio",39003,No,1273.3,1149.1,1407.2,78,falling,-1.4,-2.1,-0.8,1.2 ,77.95 ,
"Stanislaus County, California",6099,No,1262.7,1189,1339.8,222,falling,-1.1,-1.4,-0.8,1.1 ,77.94 ,
"Santa Rosa County, Florida",12113,No,1296.1,1184.8,1415,108,stable,-0.8,-1.6,0,1.2 ,77.94 ,
"Clay County, Florida",12019,No,1296.1,1191.6,1407.2,121,falling,-2.4,-3.5,-1.2,1.2 ,77.93 ,
"Camden County, New Jersey",34007,No,1322.4,1253.3,1394.2,281,falling,-1.4,-1.8,-1,1.1 ,77.92 ,
"Berrien County, Michigan",26021,No,1121.4,1029.3,1219.5,111,falling,-1.6,-2.2,-0.9,1.2 ,77.92 ,
"Sumner County, Tennessee",47165,No,1144.9,1041.2,1256.2,96,falling,-5.3,-9.1,-1.4,1.2 ,77.92 ,
"Crawford County, Pennsylvania",42039,No,1351.3,1225,1487.1,86,stable,-0.5,-1.2,0.2,1.2 ,77.92 ,
"Licking County, Ohio",39089,No,1396.1,1286.4,1512.4,125,falling,-1.4,-1.9,-0.8,1.2 ,77.90 ,
"Rankin County, Mississippi",28121,No,1157.6,1034.3,1291.5,69,stable,-5.7,-15.7,5.5,1.2 ,77.90 ,
"Butler County, Ohio",39017,No,1304.6,1228.5,1384.1,226,falling,-2.3,-3,-1.6,1.1 ,77.89 ,
"Richland County, Ohio",39139,No,1271.1,1164.1,1385.4,105,falling,-1.4,-1.9,-1,1.2 ,77.87 ,
"Erie County, Ohio",39043,No,1366.5,1232.9,1510.5,78,falling,-1,-1.6,-0.4,1.2 ,77.87 ,
"Tulare County, California",6107,No,1243.2,1152.9,1338.6,143,falling,-1.1,-1.4,-0.7,1.2 ,77.86 ,
"Clark County, Nevada",32003,No,1290.6,1253.6,1328.4,970,falling,-1.5,-1.7,-1.2,1.1 ,77.85 ,
"Clermont County, Ohio",39025,No,1277.6,1177.8,1383.5,129,falling,-1.8,-2.3,-1.3,1.2 ,77.85 ,
"Polk County, Florida",12105,No,1134.2,1089.7,1180.1,493,falling,-1.1,-1.3,-0.8,1.1 ,77.82 ,
"Lackawanna County, Pennsylvania",42069,No,1213,1135.4,1294.6,184,falling,-1.5,-2,-1.1,1.1 ,77.82 ,
"Baldwin County, Alabama",1003,No,1237.6,1153.6,1326,167,falling,-1.4,-1.8,-0.9,1.1 ,77.80 ,
"Sedgwick County, Kansas",20173,No,1164.3,1101.3,1230.1,259,falling,-1.5,-1.9,-1.1,1.1 ,77.79 ,
"Madison County, Alabama",1089,No,1153.2,1076.4,1233.9,172,falling,-1.4,-2,-0.9,1.1 ,77.79 ,
"Columbiana County, Ohio",39029,No,1279.4,1165.8,1400.9,95,falling,-0.9,-1.5,-0.4,1.2 ,77.78 ,
"Cumberland County, Tennessee",47035,No,1150.8,1036.5,1274.1,78,falling,-1.3,-2.2,-0.5,1.2 ,77.78 ,
"Greenville County, South Carolina",45045,No,1292.5,1223.3,1364.4,270,falling,-1,-1.4,-0.7,1.1 ,77.77 ,
"Charleston County, South Carolina",45019,No,1103.2,1026.7,1183.9,159,falling,-2,-2.5,-1.5,1.2 ,77.76 ,
"Cabarrus County, North Carolina",37025,No,1321.3,1205,1445.8,99,falling,-1.4,-2,-0.8,1.2 ,77.76 ,
"Washoe County, Nevada",32031,No,1229.1,1160.3,1300.8,254,falling,-1.4,-1.9,-0.8,1.1 ,77.74 ,
"Blair County, Pennsylvania",42013,No,1252.6,1152.8,1358.6,118,stable,-8.7,-16.6,0.1,1.2 ,77.74 ,
"Smith County, Texas",48423,No,1002.7,921,1089.7,112,stable,-11.7,-23.5,1.9,1.2 ,77.74 ,
"Carteret County, North Carolina",37031,No,1284.1,1152.4,1426.7,72,falling,-1.4,-2,-0.8,1.2 ,77.74 ,
"Wilson County, Tennessee",47189,No,1313.2,1175.1,1462.9,74,falling,-1.3,-2.3,-0.4,1.2 ,77.73 ,
"Bell County, Texas",48027,No,1353.8,1248.9,1465.1,125,stable,-0.8,-1.6,0,1.2 ,77.72 ,
"Cuyahoga County, Ohio",39035,No,1283,1242.8,1324.1,785,falling,-1.3,-1.6,-1.1,1.1 ,77.71 ,
"St. Clair County, Michigan",26147,No,1276.4,1178.1,1380.6,128,falling,-1.7,-2,-1.4,1.2 ,77.71 ,
"Alamance County, North Carolina",37001,No,1142.5,1038.8,1253.8,90,falling,-1.5,-2.3,-0.8,1.2 ,77.70 ,
"Cowlitz County, Washington",53015,No,1283.2,1166.2,1408.8,91,falling,-1.1,-1.8,-0.4,1.2 ,77.69 ,
"Rutherford County, Tennessee",47149,No,1322.9,1210.8,1442.3,110,falling,-1.2,-1.8,-0.6,1.2 ,77.68 ,
"St. Tammany Parish, Louisiana (6, 7)",22103,No,1287.9,1195.3,1385.7,150,*,*,*,*,1.2 ,77.64 ,
"Trumbull County, Ohio",39155,No,1300.6,1219.3,1385.8,193,falling,-1.2,-1.5,-0.8,1.1 ,77.59 ,
"Muskegon County, Michigan",26121,No,1363.2,1257.2,1475.8,124,falling,-0.9,-1.4,-0.3,1.2 ,77.59 ,
"Volusia County, Florida",12127,No,1188.8,1143.2,1235.7,516,falling,-1.2,-1.4,-0.9,1.1 ,77.58 ,
"Saginaw County, Michigan",26145,No,1206.8,1115.8,1303.3,132,falling,-1.3,-1.7,-0.8,1.2 ,77.58 ,
"Pasco County, Florida",12101,No,1167.5,1121.7,1214.5,493,falling,-1.1,-1.4,-0.9,1.1 ,77.56 ,
"Parker County, Texas",48367,No,1254.5,1128.6,1390.4,80,falling,-1.3,-2.1,-0.6,1.2 ,77.56 ,
"Essex County, New Jersey",34013,No,1135.8,1069.6,1205.1,226,falling,-1.9,-2.2,-1.7,1.1 ,77.55 ,
"Douglas County, Oregon",41019,No,1324.2,1226.1,1428.1,136,falling,-0.8,-1.3,-0.4,1.2 ,77.55 ,
"Luzerne County, Pennsylvania",42079,No,1304.9,1239,1373.4,297,falling,-1,-1.3,-0.6,1.1 ,77.54 ,
"Marion County, Florida",12083,No,1202.8,1152.5,1254.6,435,falling,-0.7,-1.1,-0.4,1.1 ,77.53 ,
"Pueblo County, Colorado",8101,No,1183.6,1077.6,1297.2,92,falling,-0.9,-1.4,-0.4,1.2 ,77.53 ,
"Carbon County, Pennsylvania",42025,No,1331.4,1189.3,1485.6,65,falling,-0.9,-1.7,-0.1,1.2 ,77.53 ,
"Lexington County, South Carolina",45063,No,1198.2,1111.9,1289.4,153,falling,-2.8,-3.8,-1.7,1.2 ,77.52 ,
"Allegany County, Maryland",24001,No,1298.3,1166.1,1441.3,71,falling,-1.2,-1.8,-0.6,1.2 ,77.52 ,
"Campbell County, Kentucky",21037,No,1455.4,1303.1,1620.4,68,falling,-1.3,-1.9,-0.6,1.2 ,77.52 ,
"Craven County, North Carolina",37049,No,1206.6,1082.5,1340.9,70,falling,-1.6,-2.6,-0.6,1.2 ,77.51 ,
"Madison County, Illinois",17119,No,1342.1,1261,1427,207,falling,-1.2,-1.6,-0.7,1.1 ,77.50 ,
"Atlantic County, New Jersey",34001,No,1258.7,1173.2,1348.7,163,falling,-2.6,-4,-1.2,1.1 ,77.50 ,
"Hamilton County, Ohio",39061,No,1275.6,1223.2,1329.7,452,falling,-1.4,-1.8,-1.1,1.1 ,77.46 ,
"Josephine County, Oregon",41033,No,1329.4,1219.7,1446.4,109,stable,-0.6,-1.2,0,1.2 ,77.46 ,
"Hamilton County, Tennessee",47065,No,1249.5,1175.8,1326.5,220,falling,-3.2,-4.2,-2.2,1.1 ,77.44 ,
"Hernando County, Florida",12053,No,1175.9,1108.4,1246.5,227,falling,-1.9,-2.7,-1.1,1.1 ,77.42 ,
"Daviess County, Kentucky",21059,No,1458.1,1320.5,1606,84,falling,-1.8,-2.5,-1.1,1.2 ,77.41 ,
"Vanderburgh County, Indiana",18163,No,1244.3,1148.4,1346.1,126,falling,-1.6,-2.1,-1.1,1.2 ,77.40 ,
"Milwaukee County, Wisconsin",55079,No,1313.1,1259.6,1368.2,466,falling,-1.2,-1.5,-1,1.1 ,77.34 ,
"Kent County, Delaware",10001,No,1359.6,1244,1483,106,falling,-1,-1.7,-0.3,1.2 ,77.34 ,
"Blount County, Tennessee",47009,No,1230.4,1124.2,1344,104,falling,-1.4,-2,-0.7,1.2 ,77.34 ,
"Berkeley County, South Carolina",45015,No,1280.6,1146.5,1425.9,77,falling,-2.5,-3.1,-1.8,1.2 ,77.33 ,
"York County, South Carolina",45091,No,1334.4,1228,1447.5,126,falling,-1.1,-1.8,-0.5,1.2 ,77.31 ,
"Franklin County, Ohio",39049,No,1253.3,1203.3,1304.7,487,falling,-2.6,-3.4,-1.8,1.1 ,77.28 ,
"Kern County, California",6029,No,1280.5,1214.2,1349.6,287,falling,-1.1,-1.5,-0.7,1.1 ,77.28 ,
"Iredell County, North Carolina",37097,No,1354.5,1236.3,1480.7,103,falling,-0.8,-1.5,-0.2,1.2 ,77.27 ,
"Pickens County, South Carolina",45077,No,1234.1,1112.2,1365.6,79,falling,-0.9,-1.6,-0.2,1.2 ,77.26 ,
"Schuylkill County, Pennsylvania",42107,No,1421.3,1323.3,1524.6,158,falling,-0.8,-1.2,-0.3,1.2 ,77.24 ,
"Richland County, South Carolina",45079,No,1329.9,1228.6,1437.3,131,falling,-1,-1.6,-0.3,1.2 ,77.23 ,
"Humboldt County, California",6023,No,1290.6,1173.5,1416.1,93,falling,-1.4,-1.9,-0.9,1.2 ,77.23 ,
"Citrus County, Florida",12017,No,1157.2,1092.5,1224.7,240,falling,-1.3,-1.8,-0.9,1.1 ,77.20 ,
"McLennan County, Texas",48309,No,1284.5,1186.8,1388,129,falling,-1.2,-1.6,-0.7,1.2 ,77.18 ,
"Randolph County, North Carolina",37151,No,1317,1204.1,1437.6,106,stable,-0.5,-1.1,0.1,1.2 ,77.18 ,
"Johnston County, North Carolina",37101,No,1388.4,1251.6,1535.9,86,falling,-1.8,-2.5,-1,1.2 ,77.18 ,
"Franklin County, Missouri",29071,No,1402.8,1268,1547.9,82,stable,-0.7,-1.5,0.1,1.2 ,77.17 ,
"Mahoning County, Ohio",39099,No,1345.5,1264.7,1430.2,210,falling,-1,-1.5,-0.5,1.1 ,77.15 ,
"Kankakee County, Illinois",17091,No,1309.6,1180.6,1448.8,76,falling,-2.9,-4.3,-1.5,1.2 ,77.15 ,
"Lafayette Parish, Louisiana (6, 7)",22055,No,1310.9,1198.4,1431,103,falling,-1.1,-2,-0.1,1.2 ,77.11 ,
"Muskingum County, Ohio",39119,No,1486.3,1342.1,1641.7,79,falling,-0.8,-1.3,-0.3,1.2 ,77.11 ,
"Knox County, Tennessee",47093,No,1345.8,1276.7,1417.6,292,falling,-1,-1.3,-0.6,1.1 ,77.10 ,
"Lucas County, Ohio",39095,No,1372.1,1300.4,1446.8,278,falling,-1.1,-1.4,-0.8,1.1 ,77.10 ,
"Belmont County, Ohio",39013,No,1369.6,1227.4,1523.7,69,falling,-1.6,-2.2,-0.9,1.2 ,77.10 ,
"LaPorte County, Indiana",18091,No,1437.3,1305.1,1579.1,90,falling,-0.9,-1.5,-0.3,1.2 ,77.06 ,
"Galveston County, Texas",48167,No,1401.7,1301.7,1507.2,154,falling,-1.6,-1.9,-1.2,1.2 ,77.05 ,
"Aiken County, South Carolina",45003,No,1128,1030,1232.7,102,falling,-3.7,-5,-2.3,1.2 ,77.05 ,
"Delaware County, Indiana",18035,No,1168.7,1058.4,1287.4,83,falling,-1.7,-2.2,-1.2,1.2 ,77.05 ,
"Jefferson Parish, Louisiana (6, 7)",22051,No,1355.5,1281,1433.2,252,falling,-1.6,-2.2,-1.1,1.1 ,77.04 ,
"Fulton County, Georgia",13121,No,1004.2,942,1069.3,203,falling,-1.9,-2.3,-1.4,1.1 ,76.99 ,
"Cecil County, Maryland",24015,No,1397.7,1249.4,1558.6,69,falling,-2.5,-3.8,-1.3,1.2 ,76.98 ,
"Jefferson County, Kentucky",21111,No,1361.9,1306.9,1418.7,469,falling,-1.5,-1.9,-1.2,1.1 ,76.97 ,
"Montgomery County, Ohio",39113,No,1261.8,1204,1321.7,361,falling,-1.4,-1.9,-1,1.1 ,76.97 ,
"Horry County, South Carolina",45051,No,1192.5,1122,1266.3,236,falling,-1.5,-2.1,-0.8,1.1 ,76.97 ,
"Baxter County, Arkansas",5005,No,1289.6,1156.3,1434.1,69,falling,-0.9,-1.7,-0.2,1.2 ,76.96 ,
"Jackson County, Missouri",29095,No,1265.4,1206.4,1326.6,350,falling,-1,-1.4,-0.6,1.1 ,76.94 ,
"Kenton County, Kentucky",21117,No,1459.6,1335.3,1592.3,106,falling,-1.4,-2.1,-0.8,1.2 ,76.90 ,
"Williamson County, Illinois",17199,No,1499.6,1340.9,1671.7,67,falling,-0.9,-1.7,-0.1,1.2 ,76.90 ,
"DeSoto County, Mississippi",28033,No,1435.7,1298,1583.8,86,falling,-1.5,-2.3,-0.7,1.2 ,76.88 ,
"Anderson County, Tennessee",47001,No,1351.8,1216,1498.5,74,falling,-1.1,-2,-0.2,1.2 ,76.88 ,
"Lubbock County, Texas",48303,No,1154,1062,1251.7,117,falling,-1.5,-2.2,-0.9,1.2 ,76.85 ,
"Wood County, West Virginia",54107,No,1283.1,1155.7,1420.6,77,falling,-1.5,-2,-1,1.2 ,76.85 ,
"Johnson County, Texas",48251,No,1442,1312.2,1581.1,99,falling,-1.3,-1.8,-0.7,1.2 ,76.84 ,
"Coos County, Oregon",41011,No,1361,1232.5,1499.1,83,falling,-1.2,-1.8,-0.6,1.2 ,76.79 ,
"Ashtabula County, Ohio",39007,No,1413.9,1287.2,1549.5,93,falling,-0.8,-1.4,-0.3,1.2 ,76.75 ,
"Bradley County, Tennessee",47011,No,1428.6,1287,1581.5,80,stable,-0.6,-1.4,0.1,1.2 ,76.74 ,
"Davidson County, North Carolina",37057,No,1319.8,1214.5,1431.6,123,falling,-0.9,-1.5,-0.3,1.2 ,76.73 ,
"Sevier County, Tennessee",47155,No,1301.1,1171.1,1441.6,80,falling,-1.4,-2.2,-0.7,1.2 ,76.73 ,
"Surry County, North Carolina",37171,No,1520.1,1367.9,1684.6,75,stable,-0.1,-0.8,0.5,1.2 ,76.73 ,
"Grays Harbor County, Washington",53027,No,1367.9,1227.4,1519.9,72,falling,-1,-1.7,-0.4,1.2 ,76.72 ,
"Taylor County, Texas",48441,No,1189.7,1072.8,1315.9,76,falling,-1.3,-2,-0.6,1.2 ,76.71 ,
"Fayette County, Pennsylvania",42051,No,1385.3,1283,1493.5,138,falling,-1.1,-1.6,-0.5,1.2 ,76.70 ,
"Houston County, Alabama",1069,No,1347.7,1205.3,1502.2,69,falling,-1.3,-1.9,-0.6,1.2 ,76.70 ,
"St. Clair County, Illinois",17163,No,1272.3,1178.5,1371.4,138,falling,-1.4,-1.9,-0.9,1.2 ,76.68 ,
"Washington County, Tennessee",47179,No,1261,1150.2,1379.6,99,falling,-1.9,-2.7,-1,1.2 ,76.68 ,
"Bay County, Florida",12005,No,1225.7,1131.4,1325.7,128,falling,-1.5,-2.2,-0.8,1.2 ,76.67 ,
"Catawba County, North Carolina",37035,No,1231.8,1125.2,1345.6,104,falling,-1.5,-2.1,-1,1.2 ,76.67 ,
"Tulsa County, Oklahoma (6, 7)",40143,No,1258.8,1198.7,1321,335,falling,-1.7,-2.2,-1.2,1.1 ,76.66 ,
"Chatham County, Georgia",13051,No,1147.2,1053.9,1246.6,114,falling,-1.2,-1.8,-0.6,1.2 ,76.65 ,
"Montgomery County, Tennessee",47125,No,1409.6,1262.5,1569.2,71,falling,-1.2,-2.1,-0.4,1.2 ,76.62 ,
"Berkeley County, West Virginia",54003,No,1582.7,1425.4,1752.3,79,falling,-1.2,-2,-0.3,1.2 ,76.60 ,
"Shasta County, California",6089,No,1283.9,1196.4,1376,163,falling,-1.3,-1.7,-0.9,1.2 ,76.59 ,
"Madison County, Indiana",18095,No,1402,1288.1,1523.2,114,falling,-1.1,-1.5,-0.7,1.2 ,76.57 ,
"Sullivan County, Tennessee",47163,No,1339.1,1245.9,1437.2,159,falling,-1.8,-2.5,-1.1,1.2 ,76.56 ,
"Cumberland County, New Jersey",34011,No,1424,1294.1,1563.3,90,falling,-0.8,-1.4,-0.3,1.2 ,76.56 ,
"Lauderdale County, Alabama",1077,No,1378,1245.6,1520.5,82,falling,-0.7,-1.2,-0.2,1.2 ,76.55 ,
"Davidson County, Tennessee",47037,No,1380.7,1309.1,1455.1,285,falling,-0.7,-1.1,-0.4,1.1 ,76.50 ,
"Burke County, North Carolina",37023,No,1358.7,1225.5,1502.3,79,stable,-0.7,-1.4,0.1,1.2 ,76.50 ,
"Vermilion County, Illinois",17183,No,1345.1,1208.2,1493.2,71,falling,-1.1,-1.9,-0.2,1.2 ,76.49 ,
"Lake County, Indiana",18089,No,1460.5,1384.9,1539.1,283,falling,-1.1,-1.5,-0.8,1.1 ,76.48 ,
"Sebastian County, Arkansas",5131,No,1411.5,1281.3,1551.2,88,stable,-0.3,-0.9,0.3,1.2 ,76.47 ,
"Vigo County, Indiana",18167,No,1338.3,1203.4,1484.2,74,stable,-11.4,-23,1.9,1.2 ,76.47 ,
"Calhoun County, Michigan",26025,No,1268.3,1158.3,1386,99,falling,-1.3,-2,-0.6,1.2 ,76.46 ,
"Jefferson County, Missouri",29099,No,1444.9,1339.6,1556.2,152,falling,-1.2,-1.6,-0.8,1.2 ,76.44 ,
"Genesee County, Michigan",26049,No,1303.7,1234,1376.3,266,falling,-0.8,-1.2,-0.5,1.1 ,76.43 ,
"Clark County, Ohio",39023,No,1323.9,1217.5,1437,117,falling,-1.4,-2,-0.8,1.2 ,76.42 ,
"Clark County, Indiana",18019,No,1303.8,1172,1446.4,75,falling,-1.2,-1.8,-0.5,1.2 ,76.41 ,
"Jasper County, Missouri",29097,No,1345.5,1217.8,1482.9,83,falling,-1.1,-1.8,-0.5,1.2 ,76.40 ,
"Grant County, Indiana",18053,No,1518.6,1359,1691.6,67,stable,-0.6,-1.4,0.2,1.2 ,76.37 ,
"Grayson County, Texas",48181,No,1277.2,1165.2,1397.1,98,falling,-1.4,-2,-0.8,1.2 ,76.35 ,
"East Baton Rouge Parish, Louisiana (6, 7)",22033,No,1146.4,1066.4,1230.8,155,falling,-2,-2.7,-1.2,1.2 ,76.32 ,
"Duval County, Florida",12031,No,1337.4,1278.6,1398.1,401,falling,-1.5,-1.8,-1.1,1.1 ,76.31 ,
"Pulaski County, Arkansas",5119,No,1253.1,1173.6,1336.6,189,falling,-1.7,-2.1,-1.3,1.1 ,76.31 ,
"Marion County, Indiana",18097,No,1425.5,1365,1487.9,427,falling,-1.1,-1.4,-0.8,1.1 ,76.29 ,
District of Columbia,11001,No,863.1,781.5,950.8,85,falling,-2.6,-3.1,-2.1,1.2 ,76.19 ,
"Wayne County, North Carolina",37191,No,1426.3,1275.7,1589.8,67,stable,-0.8,-1.8,0.1,1.2 ,76.19 ,
"Escambia County, Florida",12033,No,1284,1204.3,1367.6,197,falling,-1.2,-1.6,-0.8,1.1 ,76.17 ,
"White County, Arkansas",5145,No,1566.8,1405.2,1741.8,70,falling,-1,-1.7,-0.3,1.2 ,76.12 ,
"Rowan County, North Carolina",37159,No,1428,1307.5,1556.5,106,stable,-0.6,-1.2,0,1.2 ,76.11 ,
"Craighead County, Arkansas",5031,No,1377.5,1230.3,1537.4,66,stable,-0.8,-1.5,0,1.2 ,76.08 ,
"Rockingham County, North Carolina",37157,No,1475,1328.5,1633.2,77,rising,6.7,1,12.6,1.2 ,76.06 ,
"Jefferson County, Texas",48245,No,1323.3,1218.1,1435.1,118,falling,-1.6,-2.1,-1.2,1.2 ,76.04 ,
"Caldwell County, North Carolina",37027,No,1533,1379.2,1699.1,78,falling,-1,-1.6,-0.4,1.2 ,76.04 ,
"Jefferson County, Ohio",39081,No,1282.2,1145.1,1431.2,64,falling,-1.4,-2,-0.8,1.2 ,76.02 ,
"Anderson County, South Carolina",45007,No,1217.5,1124.2,1316.5,133,stable,1.7,-5.6,9.5,1.2 ,76.00 ,
"Harrison County, West Virginia",54033,No,1503.4,1349.3,1670.3,71,stable,-0.6,-1.2,0,1.2 ,76.00 ,
"Montgomery County, Alabama",1101,No,1299.7,1181.9,1426.1,91,falling,-1.5,-2.1,-0.8,1.2 ,75.93 ,
"Morgan County, Alabama",1103,No,1322.8,1197.7,1457.3,86,stable,-0.9,-1.8,0,1.2 ,75.92 ,
"Cumberland County, North Carolina",37051,No,1347.3,1229.9,1472.7,102,falling,-1.9,-2.6,-1.3,1.2 ,75.89 ,
"Tuscaloosa County, Alabama",1125,No,1212.6,1096.8,1337.3,83,falling,-1.2,-2,-0.3,1.2 ,75.86 ,
"Oklahoma County, Oklahoma (6, 7)",40109,No,1336.3,1277.6,1397,395,falling,-1,-1.4,-0.5,1.1 ,75.85 ,
"Livingston Parish, Louisiana (6, 7)",22063,No,1419.5,1272.9,1578.2,76,*,*,*,*,1.2 ,75.82 ,
"Garland County, Arkansas",5051,No,1416.8,1304.2,1536.5,118,stable,-0.2,-0.9,0.6,1.2 ,75.81 ,
"Floyd County, Georgia",13115,No,1275.8,1139.9,1423.5,66,falling,-1.8,-2.7,-0.9,1.2 ,75.81 ,
"Henderson County, Texas",48213,No,1235.6,1113.3,1367.6,78,falling,-1.9,-2.4,-1.3,1.2 ,75.69 ,
"Spartanburg County, South Carolina",45083,No,1215.3,1132,1303.1,167,falling,-1.3,-1.9,-0.7,1.2 ,75.68 ,
"Jackson County, Mississippi",28059,No,1310.6,1184.6,1446.3,86,falling,-2.1,-2.9,-1.3,1.2 ,75.63 ,
"Pulaski County, Kentucky",21199,No,1638.8,1465.7,1826.4,69,stable,0,-0.7,0.8,1.2 ,75.56 ,
"Wichita County, Texas",48485,No,1427,1296.4,1567.1,88,falling,-1.1,-1.5,-0.6,1.2 ,75.54 ,
"Kanawha County, West Virginia",54039,No,1329.9,1240.5,1424,167,falling,-9.1,-15.8,-1.8,1.1 ,75.53 ,
"Ouachita Parish, Louisiana (6, 7)",22073,No,1335.4,1207.8,1472.7,81,*,*,*,*,1.2 ,75.53 ,
"Shelby County, Tennessee",47157,No,1291.5,1225.9,1359.7,298,falling,-1.5,-1.8,-1.1,1.1 ,75.49 ,
"Cullman County, Alabama",1043,No,1395.2,1250.1,1552.4,72,falling,-0.7,-1.2,-0.1,1.2 ,75.48 ,
"Gregg County, Texas",48183,No,1217.5,1091.1,1354.4,68,falling,-1.8,-2.6,-1,1.2 ,75.45 ,
"Cabell County, West Virginia",54011,No,1372.4,1240.8,1514,81,falling,-1.3,-1.9,-0.8,1.2 ,75.43 ,
"Gaston County, North Carolina",37071,No,1368.8,1266.3,1477.3,138,falling,-2,-2.8,-1.1,1.2 ,75.36 ,
"Norfolk City, Virginia",51710,No,1296.4,1165.8,1437.7,74,falling,-1.9,-2.6,-1.2,1.2 ,75.35 ,
"Mohave County, Arizona",4015,No,1311.9,1242.3,1384.3,280,falling,-1.1,-1.6,-0.7,1.1 ,75.28 ,
"Harrison County, Mississippi",28047,No,1529.1,1411.4,1653.9,128,falling,-1.8,-2.6,-1,1.2 ,75.28 ,
"Rapides Parish, Louisiana (6, 7)",22079,No,1397.3,1262.2,1542.8,81,falling,-1.7,-2.6,-0.9,1.2 ,75.25 ,
"Orleans Parish, Louisiana (6, 7)",22071,No,1065.5,955.5,1184.7,71,falling,-2.4,-3.5,-1.2,1.2 ,75.22 ,
"Wyandotte County, Kansas",20209,No,1492.2,1335.9,1661.7,68,falling,-1.2,-1.8,-0.7,1.2 ,75.19 ,
"Wayne County, Michigan",26163,No,1326.9,1285.3,1369.6,781,falling,-1.2,-1.3,-1,1.1 ,75.16 ,
"Calcasieu Parish, Louisiana (6, 7)",22019,No,1295.8,1188.2,1410.6,110,falling,-1.2,-2.2,-0.2,1.2 ,75.14 ,
"Cleveland County, North Carolina",37045,No,1503.8,1355.5,1663.8,79,stable,0.1,-0.7,0.9,1.2 ,75.14 ,
"Jefferson County, Alabama",1073,No,1269.9,1206.8,1335.4,308,falling,-1.4,-1.8,-1,1.1 ,75.11 ,
"Philadelphia County, Pennsylvania",42101,No,1436.9,1383.5,1492,552,falling,-1.4,-1.6,-1.2,1.1 ,75.10 ,
"Caddo Parish, Louisiana (6, 7)",22017,No,1357.2,1254.2,1466.4,130,falling,-1.2,-2.1,-0.2,1.2 ,74.99 ,
"Raleigh County, West Virginia",54081,No,1463.6,1314.7,1624.6,73,stable,-0.7,-1.4,0.1,1.2 ,74.99 ,
"Mobile County, Alabama",1097,No,1425.5,1342.6,1512.1,228,falling,-1.2,-1.6,-0.8,1.1 ,74.95 ,
"Scioto County, Ohio",39145,No,1474.6,1325.2,1636.2,73,falling,-1.4,-2.1,-0.7,1.2 ,74.95 ,
"Putnam County, Florida",12107,No,1397.4,1261.9,1543.5,80,stable,-0.7,-1.3,0,1.2 ,74.84 ,
"Muscogee County, Georgia",13215,No,1450,1307.9,1603.3,77,falling,-1.3,-1.9,-0.6,1.2 ,74.75 ,
"Marshall County, Alabama",1095,No,1511.6,1363.1,1671.7,82,stable,-0.4,-1.3,0.5,1.2 ,74.57 ,
"Calhoun County, Alabama",1015,No,1395.6,1258.7,1543.1,82,falling,-1.8,-2.7,-0.9,1.2 ,74.11 ,
"Etowah County, Alabama",1055,No,1404.9,1272.4,1547.5,86,stable,-0.7,-1.5,0.1,1.2 ,73.86 ,
"Richmond County, Georgia",13245,No,1356.9,1219.7,1505.3,73,falling,-1.3,-1.9,-0.7,1.2 ,73.79 ,
"St. Louis City, Missouri",29510,No,1399.4,1272.9,1535,92,falling,-1.3,-1.7,-0.8,1.2 ,73.66 ,
"Bibb County, Georgia",13021,No,1347.9,1206.2,1501.6,67,stable,-2.4,-5.1,0.3,1.2 ,73.54 ,
"Baltimore City, Maryland",24510,No,1544.6,1440.2,1654.6,167,falling,-1.2,-1.7,-0.6,1.1 ,72.48 ,