PWS ID,PWS Name,PWS Type Ascending,Primary Source,Counties Served,Cities Served,Population Served Count,Number of Facilities,Number of Violations,Number of Site Visits
PR0754117,AC EL LLANO DE LOS PADILLAS,Community water system,Ground water,Naranjito Municipio,NARANJITO,44,,,
PR0458264,ACD. COMUNAL RIO CHIQUITO,Community water system,Ground water,Ponce Municipio,PONCE,320,,,
PR0348053,ACEITUNA,Community water system,Ground water,Maricao Municipio,MARICAO,80,,,
PR0476224,ACEITUNA I,Community water system,Surface water,Villalba Municipio,VILLALBA,69,,,
PR0476234,ACEITUNA II,Community water system,Surface water,Villalba Municipio,VILLALBA,132,,,
PR0476324,ACEITUNA III,Community water system,Surface water,Villalba Municipio,VILLALBA,36,,,
PR0004654,ACEITUNAS,Community water system,Surface water,Villalba Municipio,VILLALBA,"11,095",,,
PR0367013,ACUD. RURAL GUACIO,Community water system,Ground water,San Sebastian Municipio,SAN SEBASTIAN,189,,,
PR0677056,ACUE.JACANAS PIEDRAS BLANCAS I,Community water system,Ground water,Yabucoa Municipio,YABUCOA,643,,,
PR0666146,ACUED. BO. CAYAGUAS,Community water system,Ground water,-,SAN LORENZO,65,,,
PR0518135,ACUED. BO. CEDRO,Community water system,Ground water,Cayey Municipio,CAYEY,168,,,
PR0677076,ACUED. BO. GUAYABOTA,Community water system,Surface water,Yabucoa Municipio,YABUCOA,"2,268",,,
PR0510225,ACUED. CAÃ‘ABON SECTOR EL PARQUE,Community water system,Surface water,Barranquitas Municipio,-,113,,,
PR0510095,ACUED. COM. BO. QUEBRADILLAS,Community water system,Surface water,Barranquitas Municipio,BARRANQUITAS,"1,862",,,
PR0457064,"ACUED. COM. DEL BO. RUCIO, INC. (ACBRI)",Community water system,Surface water,Penuelas Municipio,PENUELAS,600,,,
PR0242052,ACUED. COM. MAGUEYES,Community water system,Ground water,Lares Municipio,LARES,140,,,
PR0510205,ACUED. COM. SEC. JOYA FRIA,Community water system,Ground water,Barranquitas Municipio,BARRANQUITAS,220,,,
PR0613366,ACUED. COM. SECTOR LA SIERRA,Community water system,Ground water,Caguas Municipio,CAGUAS,"1,430",,,
PR0604176,ACUED. COMUNAL EL LLANO,Community water system,Ground water,Aguas Buenas Municipio,AGUAS BUENAS,342,,,
PR0272292,ACUED. COMUNAL LA ESTANCIA,Community water system,Surface water,Utuado Municipio,UTUADO,352,,,
PR0666116,ACUED. COMUNIDAD 18,Community water system,Surface water,San Lorenzo Municipio,SAN LORENZO,120,,,
PR0242042,ACUED. DE LA COMUNIDAD,Community water system,Surface water,Lares Municipio,LARES,100,,,
PR0653056,ACUED. DE LA COMUNIDAD  DEL DUQUE,Community water system,Surface water,Naguabo Municipio,NAGUABO,172,,,
PR0613536,ACUED. DELGADO VEGA Y OTROS,Community water system,Surface water,Caguas Municipio,CAGUAS,60,,,
PR0523105,ACUED. DO%A ELENA (LOS PINOS),Community water system,Ground water,Comerio Municipio,COMERIO,745,,,
PR0613486,ACUED. HACIENDA DEL REY,Community water system,Ground water,Caguas Municipio,CAGUAS,143,,,
PR0242032,ACUED. HACIENDA PLANELL,Community water system,Surface water,Lares Municipio,LARES,40,,,
PR0677206,ACUED. JACANAS PIEDRAS BLANCA 2,Community water system,Ground water,Yabucoa Municipio,YABUCOA,512,,,
PR0272082,ACUED. LA GRAMA,Community water system,Surface water,Utuado Municipio,UTUADO,60,,,
PR0220032,ACUED. LAS DELICIAS,Community water system,Surface water,Ciales Municipio,CIALES,48,,,
PR0306093,ACUED. RURAL DAGUEY  AJIES ARRIBA,Community water system,Ground water,Anasco Municipio,ANASCO,840,,,
PR0677016,ACUED. RURAL DE TEJAS,Community water system,Ground water,Yabucoa Municipio,YABUCOA,"1,892",,,
PR0644136,ACUED. RURAL MONTONES 4,Community water system,Ground water,Las Piedras Municipio,LAS PIEDRAS,223,,,
PR0510145,ACUED. RURAL PALMARITO CINTRON,Community water system,Ground water,"Barranquitas Municipio, Corozal Municipio",BARRANQUITAS,720,,,
PR0677196,ACUED. RURAL SECT. EL VEINTE,Community water system,Surface water,Yabucoa Municipio,YABUCOA,387,,,
PR0613046,ACUED. RURAL TURADO ARRIBA,Community water system,Ground water,Caguas Municipio,CAGUAS,745,,,
PR0518125,ACUED. SECTOR LA PIEDRA,Community water system,Ground water,Cayey Municipio,-,240,,,
PR0666066,ACUED.COMUNAL SEC. MANUEL DIAZ,Community water system,Ground water,San Lorenzo Municipio,SAN LORENZO,357,,,
PR0666126,ACUEDUCTO COMUNIDAD EDEM,Community water system,Surface water,San Lorenzo Municipio,SAN LORENZO,25,,,
PR0754127,ACUEDUCTO COMUNIDAD SAN JOSE,Community water system,Surface water,-,NARANJITO,56,,,
PR0523045,ACUEDUCTO COMUNIDAD ZAMORRA,Community water system,Ground water,Comerio Municipio,COMERIO,184,,,
PR0618016,ACUEDUCTO DUGUE,Community water system,Surface water,-,-,40,,,
PR0653046,ACUEDUCTO DUQUE,Community water system,Surface water,Naguabo Municipio,-,52,,,
PR0458294,ACUEDUCTO FAMILIA TORRES,Community water system,Surface water,Ponce Municipio,PONCE,80,,,
PR0303023,ACUEDUCTO INSTITUCION CORRECIONAL GUERRE,Community water system,Ground water,Aguadilla Municipio,AGUADILLA,"1,100",,,
PR0653066,ACUEDUCTO LOMAS DEL VIENTO-MAIZALES,Community water system,Surface water,Naguabo Municipio,NAGUABO,400,,,
PR0556125,ACUEDUCTO MACHUCHAL,Community water system,Ground water,Patillas Municipio,PATILLAS,60,,,
PR0644106,ACUEDUCTO RURAL ASOMANTE 2,Community water system,Ground water,Las Piedras Municipio,LAS PIEDRAS,"1,060",,,
PR0367053,ACUEDUCTO RURAL GUADALUPE MARTI,Community water system,Unknown Primary Source,San Sebastian Municipio,SAN SEBASTIAN,81,,,
PR0214012,ACUEDUCTO RURAL SOLLER,Community water system,Ground water,Camuy Municipio,-,171,,,
PR0455274,ACUEDUCTO TAITA,Community water system,Ground water,Orocovis Municipio,OROCOVIS,80,,,
PR0004204,ADJUNTAS URBANO,Community water system,Surface water,Adjuntas Municipio,"ADJUNTAS, PONCE","5,245",,,
PR0677136,AGUACATE,Community water system,Surface water,Yabucoa Municipio,-,25,,,
PR0003293,AGUADILLA,Community water system,Surface water,"Aguada Municipio, Aguadilla Municipio, Moca Municipio, Rincon Municipio","AGUADA, AGUADILLA, MOCA, RINCON","132,716",,,
PR0005046,AGUAS BUENAS URBANO,Community water system,Surface water,Aguas Buenas Municipio,"AGUAS BUENAS, AQUAS BUENAS","10,181",,,
PR0004644,AGUSTINILLO,Community water system,Ground water,Juana Diaz Municipio,JUANA DIAZ,"1,501",,,
PR0004545,AIBONITO LA PLATA,Community water system,Surface water,Aibonito Municipio,"AIBONITO, AIBONITO C","17,278",,,
PR0004955,AIBONITO URBANO,Community water system,Surface water,Aibonito Municipio,AIBONITO,"4,527",,,
PR0242142,ALEJANDRINA ORJALES,Community water system,Ground water,Lares Municipio,LARES,28,,,
PR0505015,ALGARROBO,Community water system,Ground water,-,-,85,,,
PR0004565,ALGARROBO,Community water system,Surface water,Aibonito Municipio,"AIBONITO, ALGARROBO",912,,,
PR0505075,ALGARROBO NUEVO,Community water system,Ground water,Aibonito Municipio,AIBONITO,156,,,
PR0003722,ALMIRANTE NORTE,Community water system,Ground water,Vega Baja Municipio,VEGA BAJA,0,,,
PR0002982,ALMIRANTE SUR,Community water system,Surface water,Vega Baja Municipio,"ALMIRANTE, VEGA BAJA","3,479",,,
PR0004274,ALTO DE PENUELAS,Community water system,Surface water,Ponce Municipio,ALTO DE PENUELA,0,,,
PR0238052,ALTOS COLLORES,Community water system,Surface water,Jayuya Municipio,-,180,,,
PR0003252,ALTURAS,Community water system,Ground water,Vega Baja Municipio,VEGA BAJA,"3,200",,,
PR0003842,ALTURAS,Community water system,Surface water,Vega Baja Municipio,VEGA BAJA,"6,705",,,
PR0238032,ALTURAS DE COLLORES,Community water system,Surface water,Jayuya Municipio,JAYUYA,320,,,
PR0238002,ALTURAS PIZA,Community water system,Surface water,Jayuya Municipio,JAYUYA,200,,,
PR0004344,AMELIA,Community water system,Ground water,Juana Diaz Municipio,JUANA DIAZ,"4,912",,,
PR0003313,ANASCO,Community water system,Surface water,Anasco Municipio,ANASCO,"4,188",,,
PR0455084,ANGEL SOTO SANTIAGO,Community water system,Surface water,Orocovis Municipio,-,80,,,
PR0272192,ANGELAS ALTURA-PORTALATIN,Community water system,Surface water,Utuado Municipio,-,384,,,
PR0003152,ANGELES,Community water system,Surface water,Utuado Municipio,ANGELES,"2,500",,,
PR0272202,ANGELES-SANTA ISABEL,Community water system,Surface water,Utuado Municipio,-,280,,,
PR0458194,ANON CARMELITA,Community water system,Surface water,Ponce Municipio,PONCE,800,,,
PR0005527,ANONES,Community water system,Surface water,Naranjito Municipio,"ANONES, NARANJITO","2,376",,,
PR0754067,ANONES CENTRO I,Community water system,Ground water,Naranjito Municipio,NARANJITO,"1,800",,,
PR0004585,ANTIGUA,Community water system,Surface water,Arroyo Municipio,ANTIGUA,316,,,
PR0636016,ANTON RUIZ,Community water system,Ground water,-,-,"2,000",,,
PR0401324,ANTONIO DECLET,Community water system,Surface water,Adjuntas Municipio,-,40,,,
PR0556085,APEADERO,Community water system,Surface water,Patillas Municipio,PATILLAS,320,,,
PR0476164,APEADERO,Community water system,Surface water,Villalba Municipio,-,3,,,
PR0003944,APEADERO,Community water system,Surface water,Villalba Municipio,"PONCE, VILLALBA",533,,,
PR0556105,APEADERO II,Community water system,Ground water,Patillas Municipio,PATILLAS,120,,,
PR0002652,ARECIBO URBANO,Community water system,Surface water,Arecibo Municipio,ARECIBO,"92,942",,,
PR0002912,ARENALES,Community water system,Ground water,Isabela Municipio,ARENALES,700,,,
PR0004374,ARENAS,Community water system,Ground water,"Guanica Municipio, Yauco Municipio","GUANICA, YAUCO","2,857",,,
PR0272152,ARENAS 2,Community water system,Surface water,Utuado Municipio,UTUADO,48,,,
PR0272062,ARENAS AREGOTIA,Community water system,Surface water,Utuado Municipio,UTUADO,60,,,
PR0003822,ARRAIJANES,Community water system,Ground water,Morovis Municipio,MOROVIS,402,,,
PR0510035,ARRIAGA,Community water system,Surface water,-,-,50,,,
PR0004575,ARROYO,Community water system,Ground water,Arroyo Municipio,ARROYO,"21,524",,,
PR0207042,ARROZAL - LOS MUERTOS,Community water system,Ground water,Arecibo Municipio,ARECIBO,350,,,
PR0003834,ARUZ,Community water system,Ground water,Juana Diaz Municipio,JUANA DIAZ,"7,225",,,
PR0613506,ASOC RESIDENTES VILLAS DE ORO,Community water system,Ground water,Caguas Municipio,CAGUAS,119,,,
PR0458284,ASOC. CIVICA PASTILLO TIBES,Community water system,Ground water,Ponce Municipio,PONCE,652,,,
PR0613196,ASOC. DUE%OS EL PARAISO,Community water system,Ground water,Caguas Municipio,CAGUAS,48,,,
PR0653016,ASOC. PRO DESARROLLO COMUNAL,Community water system,Ground water,Naguabo Municipio,NAGUABO,"1,400",,,
PR0613496,ASOC. RES. PALMAS DEL TURABO,Community water system,Ground water,Caguas Municipio,CAGUAS,180,,,
PR0666016,ASOC. VECINO SECTOR OQUENDO,Community water system,Ground water,San Lorenzo Municipio,SAN LORENZO,253,,,
PR0518105,ASOC. VILLAS GUAVATE,Community water system,Ground water,Cayey Municipio,CAYEY,63,,,
PR0401294,ASOCIACION ACUEDUCTO REVENTON,Community water system,Surface water,Adjuntas Municipio,ADJUNTAS,212,,,
PR0458034,ASOCIACION CIVICA CULTURAL Y SOCIOECONOM,Community water system,Surface water,Ponce Municipio,PONCE,500,,,
PR0422014,ASOCIACION RESIDENTE SAN DIEGO,Community water system,Ground water,Coamo Municipio,COAMO,368,,,
PR0455244,ASOCIACION SECTOR COLI,Community water system,Ground water,Orocovis Municipio,OROCOVIS,200,,,
PR0677186,ASOCIACION VECINOS,Community water system,Ground water,Yabucoa Municipio,YABUCOA,125,,,
PR0613116,BAIROA ADENTRO,Community water system,Surface water,Caguas Municipio,CAGUAS,115,,,
PR0003222,BAJADERO,Community water system,Ground water,Arecibo Municipio,ARECIBO,"4,476",,,
PR0661046,BARCELONA,Community water system,Surface water,Rio Grande Municipio,RIO GRANDE,260,,,
PR0002722,BARCELONETA URBANO,Community water system,Ground water,Barceloneta Municipio,BARCELONETA,"24,372",,,
PR0004625,BARRANCAS NUEVO,Community water system,Surface water,Barranquitas Municipio,"BARRANCAS, BARRANQUITAS","4,336",,,
PR0004615,BARRANCAS VIEJO,Community water system,Surface water,Barranquitas Municipio,BARRANCAS,160,,,
PR0004605,BARRANQUITAS URBANO,Community water system,Surface water,Barranquitas Municipio,BARRANQUITAS,"5,692",,,
PR0002601,BARRAZAS,Community water system,Surface water,Trujillo Alto Municipio,BARRAZAS,"1,200",,,
PR0003072,BARTOLO,Community water system,Surface water,Lares Municipio,BARTOLO,"1,000",,,
PR0770037,BASE NAVAL SABANA SECA,Community water system,Ground water,Toa Baja Municipio,TOA BAJA,"1,100",,,
PR0003964,BAUTA,Community water system,Surface water,Orocovis Municipio,"OROCOVIS, PONCE",553,,,
PR0505085,BAXTER HEALTHCARE OF PR,Community water system,Ground water,Aibonito Municipio,AIBONITO,"1,113",,,
PR0005036,BAYAMONCITO,Community water system,Ground water,Aguas Buenas Municipio,AGUAS BUENAS,600,,,
PR0604086,BAYAMONCITO,Community water system,Ground water,Aguas Buenas Municipio,AGUAS BUENAS,536,,,
PR0604126,BAYAMONCITO II,Community water system,Ground water,Aguas Buenas Municipio,-,30,,,
PR0521055,BEATRIZ,Community water system,Ground water,-,-,30,,,
PR0005557,BO NUEVO,Community water system,Surface water,Bayamon Municipio,BAYAMON,"3,288",,,
PR0431024,BO. CONSEJO ALTO,Community water system,Ground water,Guayanilla Municipio,GUAYANILLA,525,,,
PR0556075,BO. JACABOA- HIGUERO,Community water system,Ground water,Patillas Municipio,PATILLAS,70,,,
PR0556055,BO. MAMEY,Community water system,Ground water,Patillas Municipio,PATILLAS,424,,,
PR0458044,BO. MONTE LLANOS,Community water system,Ground water,Ponce Municipio,PONCE,316,,,
PR0556065,BO. RIOS,Community water system,Surface water,Patillas Municipio,PATILLAS,157,,,
PR0478014,BO. RUBIAS,Community water system,Ground water,Yauco Municipio,YAUCO,312,,,
PR0556035,BO.QUEBRADA ARRIBA,Community water system,Surface water,Patillas Municipio,PATILLAS,840,,,
PR0556025,BO.REAL,Community water system,Surface water,Patillas Municipio,PATILLAS,522,,,
PR0005236,BOQUERON,Community water system,Ground water,Las Piedras Municipio,"BOQUERON, LAS PIEDRAS","1,847",,,
PR0613026,BORINQUEN,Community water system,Ground water,-,-,250,,,
PR0613136,BORINQUEN ATRAVESADA,Community water system,Surface water,-,-,55,,,
PR0613216,BORINQUEN-NARANJITO II,Community water system,Ground water,Caguas Municipio,CAGUAS,44,,,
PR0613266,BORINQUEN-PRADERAS,Community water system,Surface water,Caguas Municipio,CAGUAS,461,,,
PR0613206,BORIQUEN-NARANJITO,Community water system,Surface water,Caguas Municipio,-,44,,,
PR0455064,BOSQUE TORO NEGRO(SEC.EL FRIO),Community water system,Surface water,Orocovis Municipio,OROCOVIS,36,,,
PR0455194,"BOTIJAS, OROCOVIS",Community water system,Surface water,Orocovis Municipio,-,128,,,
PR0003613,BUCARABONES,Community water system,Surface water,-,MARICAO,903,,,
PR0003503,BUCARABONES-MARICAO,Community water system,Surface water,Maricao Municipio,"BUCATABONES, MARICAO",568,,,
PR0003473,BUENA VISTA,Community water system,Surface water,Anasco Municipio,BUENA VISTA,"2,251",,,
PR0613376,BUENOS AIRES,Community water system,Ground water,Caguas Municipio,CAGUAS,154,,,
PR0003373,CABO ROJO,Community water system,Surface water,Cabo Rojo Municipio,CABO ROJO,"21,987",,,
PR0306043,CAGUABO,Community water system,Ground water,Anasco Municipio,ANASCO,440,,,
PR0005086,CAGUAS NORTE,Community water system,Surface water,Caguas Municipio,CAGUAS,"41,971",,,
PR0613476,CAGUAS REAL,Community water system,Ground water,Caguas Municipio,CAGUAS,992,,,
PR0005066,CAGUAS SUR,Community water system,Surface water,Caguas Municipio,CAGUAS,"25,725",,,
PR0604136,CAGUITAS CENTRO,Community water system,Surface water,Aguas Buenas Municipio,AGUAS BUENAS,150,,,
PR0455254,CAIMITO,Community water system,Surface water,Orocovis Municipio,OROCOVIS,400,,,
PR0005156,CAIMITO,Community water system,Surface water,Juncos Municipio,CAIMITO,60,,,
PR0003533,CAIN ALTO,Community water system,Surface water,"Salinas Municipio, San German Municipio",SAN GERMAN,"3,326",,,
PR0003894,CALABAZA,Community water system,Ground water,Coamo Municipio,"COAMO, PONCE","2,281",,,
PR0677156,CALABAZA-SODOMA,Community water system,Ground water,Yabucoa Municipio,-,"1,500",,,
PR0677146,CALABAZAS ARRIBA,Community water system,Ground water,Yabucoa Municipio,YABUCOA,"1,430",,,
PR0003393,CALVACHE,Community water system,Ground water,Rincon Municipio,"CALUACHE, RINCON",676,,,
PR0004554,CAMINOS DEL SUR,Community water system,Ground water,Ponce Municipio,PONCE,423,,,
PR0518045,CAMPAMENTO PENAL GUAVATE,Community water system,Surface water,Cayey Municipio,CAYEY,300,,,
PR0207002,CAMPAMENTO PENAL SABANA HOYOS,Community water system,Ground water,Arecibo Municipio,ARECIBO,400,,,
PR0002882,CAMPO ALEGRE,Community water system,Ground water,Hatillo Municipio,"CAMPO ALEGRE, HATILLO","1,865",,,
PR0510055,CANABON ABAJO,Community water system,Ground water,Barranquitas Municipio,BARRANQUITAS,299,,,
PR0510075,CANABON II,Community water system,Surface water,-,-,100,,,
PR0510135,CANABON-FA RIVERA,Community water system,Ground water,-,-,28,,,
PR0238112,CANALIZO,Community water system,Surface water,Jayuya Municipio,JAYUYA,500,,,
PR0272052,CANALIZO,Community water system,Surface water,Utuado Municipio,-,28,,,
PR0003212,CANALIZO,Community water system,Surface water,Jayuya Municipio,JAYUYA,"1,147",,,
PR0476214,CAONILLA ABAJO,Community water system,Ground water,Villalba Municipio,-,150,,,
PR0476274,CAONILLAS ABAJO 1,Community water system,Surface water,Villalba Municipio,-,50,,,
PR0476174,CAONILLAS ARRIBA,Community water system,Surface water,Villalba Municipio,-,60,,,
PR0004174,CAPAEZ,Community water system,Surface water,Adjuntas Municipio,"ADJUNTAS, PONCE","1,093",,,
PR0272172,CAPILLA ARENAS,Community water system,Surface water,Utuado Municipio,-,24,,,
PR0003555,CAPRILES,Community water system,Ground water,San German Municipio,SAN GERMAN,"1,235",,,
PR0004795,CARITE,Community water system,Surface water,Guayama Municipio,"CARITE, GUAYAMA","1,352",,,
PR0457014,CARLOS SANTIAGO,Community water system,Surface water,Penuelas Municipio,-,502,,,
PR0004785,CARMEN,Community water system,Surface water,Guayama Municipio,BO CARMEN,592,,,
PR0521025,CARRASQUILLO,Community water system,Ground water,Cidra Municipio,CIDRA,581,,,
PR0002852,CARRERAS,Community water system,Ground water,Arecibo Municipio,CARRERAS,"1,368",,,
PR0476074,CASA GRANDE,Community water system,Surface water,Villalba Municipio,-,40,,,
PR0003092,CASTANER,Community water system,Surface water,Lares Municipio,CASTANER,"2,500",,,
PR0636026,CATANO,Community water system,Ground water,Humacao Municipio,-,100,,,
PR0004004,CAYABO,Community water system,Ground water,Juana Diaz Municipio,JUANA D AZ,"1,165",,,
PR0004635,CAYEY URBANO,Community water system,Surface water,Cayey Municipio,CAYEY,"17,814",,,
PR0004725,CEDRITO,Community water system,Surface water,Comerio Municipio,COMERIO,"5,388",,,
PR0523095,CEDRITO,Community water system,Ground water,Comerio Municipio,COMERIO,360,,,
PR0004655,CEDRO,Community water system,Surface water,Cayey Municipio,"CAYEY, CEDRO",856,,,
PR0005517,CEDRO ARRIBA,Community water system,Surface water,Naranjito Municipio,NARANJITO,"6,561",,,
PR0115051,CEFERINO PASTOR RIVERA,Community water system,Ground water,Canovanas Municipio,CANOVANAS,72,,,
PR0468014,CENTRAL CONTADA,Community water system,Ground water,-,-,120,,,
PR0530055,CENTRO TRINIDAD,Community water system,Surface water,Guayama Municipio,-,48,,,
PR0003112,CERCADILLO,Community water system,Surface water,Utuado Municipio,CERCADILLO,200,,,
PR0004634,CERRILLOS,Community water system,Ground water,Ponce Municipio,PONCE,"8,203",,,
PR0476264,CERRO GORDO,Community water system,Surface water,Villalba Municipio,-,38,,,
PR0476304,CERRO GORDO,Community water system,Surface water,Villalba Municipio,-,33,,,
PR0272232,CERRO GORDO,Community water system,Ground water,Utuado Municipio,UTUADO,140,,,
PR0478044,CERROTE,Community water system,Surface water,Yauco Municipio,YAUCO,58,,,
PR0613096,CERTENEJAS,Community water system,Ground water,Caguas Municipio,-,"1,200",,,
PR0613286,CERTENEJAS-CANABONCITO,Community water system,Ground water,-,-,275,,,
PR0004414,CESPEDES,Community water system,Ground water,Villalba Municipio,"PONCE, VILLALBA",598,,,
PR0003398,CHAGO HERNANDEZ,Community water system,Ground water,Aguada Municipio,AGUADA,920,,,
PR0002752,CIALES URBANO,Community water system,Surface water,Ciales Municipio,CIALES,"8,190",,,
PR0003002,CIALITOS,Community water system,Surface water,Ciales Municipio,CIALITOS,528,,,
PR0004695,CIDRA URBANO,Community water system,Surface water,Cidra Municipio,CIDRA,"34,556",,,
PR0003862,CIENEGA,Community water system,Ground water,Camuy Municipio,CAMUY,"4,020",,,
PR0004765,CIMARRONA,Community water system,Ground water,Guayama Municipio,"BO CIMARRONA, GUAYAMA","2,262",,,
PR0003832,CIMARRONA,Community water system,Surface water,Barceloneta Municipio,BARCELONETA,"1,817",,,
PR0003162,CIMARRONA SABANA PIKE,Community water system,Ground water,Barceloneta Municipio,BARCELONETA,"3,360",,,
PR0003812,CIUDAD REAL,Community water system,Ground water,Vega Baja Municipio,-,"1,557",,,
PR0003032,COABEY,Community water system,Surface water,Jayuya Municipio,JAYUYA,828,,,
PR0238042,COABEY,Community water system,Surface water,Jayuya Municipio,JAYUYA,72,,,
PR0238092,COABEY,Community water system,Surface water,Jayuya Municipio,-,240,,,
PR0422084,COAMO ARRIBA,Community water system,Ground water,Coamo Municipio,COAMO,340,,,
PR0003914,COAMO URBANO,Community water system,Surface water,"Coamo Municipio, Santa Isabel Municipio","COAMO, SANTA ISABEL","7,501",,,
PR0563025,COCO NUEVO,Community water system,Surface water,-,-,160,,,
PR0004895,COCOS,Community water system,Ground water,Salinas Municipio,"BO COCOS, SALINAS","13,850",,,
PR0004394,COLLADO,Community water system,Surface water,Ponce Municipio,PONCE,482,,,
PR0004014,COLLORES,Community water system,Surface water,Juana Diaz Municipio,SANTURCE,"2,036",,,
PR0439014,COLONIA SANTI,Community water system,Ground water,Juana Diaz Municipio,JUANA DIAZ,76,,,
PR0521075,COM. AISLADA ALMIRANTE,Community water system,Ground water,Cidra Municipio,CIDRA,348,,,
PR0302053,COM. AISLADA EN DESARROLLO,Community water system,Ground water,Aguada Municipio,AGUADA,440,,,
PR0754057,COM. ANONES MAYA,Community water system,Surface water,Naranjito Municipio,NARANJITO,"1,750",,,
PR0644086,COM. ASOMANTE,Community water system,Ground water,Las Piedras Municipio,LAS PIEDRAS,697,,,
PR0510215,COM. BARRANCAS CENTRO,Community water system,Ground water,Barranquitas Municipio,BARRANQUITAS,620,,,
PR0613016,COM. CASA DE PIEDRA,Community water system,Ground water,Caguas Municipio,CAGUAS,372,,,
PR0302063,COM. CERRO GORDO SEC.EL PARQUE,Community water system,Ground water,Aguada Municipio,AGUADA,304,,,
PR0510165,COM. DO%A MAYO (EL LLANO II),Community water system,Ground water,Barranquitas Municipio,BARRANQUITAS,253,,,
PR0724117,COM. ELADIO ANDREU,Community water system,Surface water,Corozal Municipio,COROZAL,500,,,
PR0666136,COM. EMMANUELLI,Community water system,Ground water,Caguas Municipio,CAGUAS,74,,,
PR0556115,COM. JAGUAL,Community water system,Ground water,Patillas Municipio,PATILLAS,50,,,
PR0242122,COM. LAS CUARENTA,Community water system,Ground water,Lares Municipio,LARES,212,,,
PR0724157,COM. MANA SECTOR FRANK,Community water system,Ground water,-,COROZAL,0,,,
PR0653026,COM. RANCHO GRANDE,Community water system,Surface water,Naguabo Municipio,NAGUABO,"1,555",,,
PR0364043,COM. RIO PIEDRAS,Community water system,Surface water,San German Municipio,SAN GERMAN,220,,,
PR0604036,COM. RIVERA,Community water system,Ground water,Aguas Buenas Municipio,AGUAS BUENAS,500,,,
PR0455114,COM. SABANA,Community water system,Ground water,Orocovis Municipio,OROCOVIS,720,,,
PR0455294,COM. SALTOS CABRA,Community water system,Ground water,Orocovis Municipio,OROCOVIS,500,,,
PR0724147,COM. SANTANA,Community water system,Ground water,-,COROZAL,200,,,
PR0724137,COM. SECTOR LA RIVIERA,Community water system,Ground water,Corozal Municipio,COROZAL,260,,,
PR0004705,COMERIO URBANO,Community water system,Surface water,Comerio Municipio,COMERIO,"10,101",,,
PR0457164,COMITE RESIDENTE SECTOR BELLEZA,Community water system,Surface water,Penuelas Municipio,PENUELAS,58,,,
PR0478104,COMUNIDA QUEBRADA GRANDE,Community water system,Ground water,Yauco Municipio,YAUCO,300,,,
PR0238102,COMUNIDAD CANALES,Community water system,Surface water,Jayuya Municipio,-,240,,,
PR0458274,COMUNIDAD CESARIO,Community water system,Surface water,Ponce Municipio,PONCE,52,,,
PR0272142,COMUNIDAD CHORRERAS,Community water system,Surface water,Utuado Municipio,UTUADO,240,,,
PR0724127,COMUNIDAD DIVISORIA,Community water system,Ground water,Corozal Municipio,COROZAL,43,,,
PR0476334,COMUNIDAD EL FRIO,Community water system,Surface water,Orocovis Municipio,OROCOVIS,100,,,
PR0302013,COMUNIDAD GAVINO NEGRON,Community water system,Ground water,Aguada Municipio,AGUADA,740,,,
PR0306053,COMUNIDAD HATILLO,Community water system,Ground water,Anasco Municipio,ANASCO,300,,,
PR0754137,COMUNIDAD LA GALLERA,Community water system,Groundwater under influence of surface water,-,NARANJITO,96,,,
PR0455334,COMUNIDAD LIMONES,Community water system,Ground water,Orocovis Municipio,OROCOVIS,450,,,
PR0523055,COMUNIDAD MAISONET,Community water system,Ground water,Comerio Municipio,COMERIO,745,,,
PR0364063,COMUNIDAD MENDEZ,Community water system,Surface water,San German Municipio,SAN GERMAN,60,,,
PR0242092,COMUNIDAD MIRASOL,Community water system,Ground water,Lares Municipio,-,100,,,
PR0422094,COMUNIDAD MONTERIA,Community water system,Ground water,Coamo Municipio,COAMO,360,,,
PR0754107,COMUNIDAD NIEVES SANCHEZ,Community water system,Ground water,Naranjito Municipio,NARANJITO,600,,,
PR0754017,COMUNIDAD NIEVES-SANCHEZ,Community water system,Surface water,-,-,168,,,
PR0724077,COMUNIDAD PALMARITO CENTRO,Community water system,Ground water,Corozal Municipio,COROZAL,744,,,
PR0401064,COMUNIDAD PALOMO,Community water system,Ground water,Adjuntas Municipio,ADJUNTAS,120,,,
PR0666096,COMUNIDAD SECTOR LOS GOMEZ,Community water system,Ground water,San Lorenzo Municipio,SAN LORENZO,149,,,
PR0613466,COMUNIDAD VILLA VIGIA,Community water system,Ground water,Hatillo Municipio,CAGUAS,30,,,
PR0604076,COMUNIDAD-MADRIGUERA,Community water system,Ground water,Aguas Buenas Municipio,AGUAS BUENAS,476,,,
PR0132041,CONDOMINIO CAPARRA CLASSIC,Community water system,Ground water,Guaynabo Municipio,GUAYNABO,150,,,
PR0613456,CONDOMINIO EL VERDE SUR,Community water system,Ground water,Caguas Municipio,CAGUAS,35,,,
PR0458064,CONDOMINIO IRIZARRY,Community water system,Ground water,Ponce Municipio,-,75,,,
PR0132031,CONDOMINIO SANTA ANA,Community water system,Ground water,Guaynabo Municipio,GUAYNABO,350,,,
PR0004484,CONSEJO,Community water system,Ground water,Guayanilla Municipio,GUAYANILLA,"1,150",,,
PR0272042,CONSEJO I,Community water system,Surface water,Utuado Municipio,-,28,,,
PR0003403,CONSUMO,Community water system,Ground water,Mayaguez Municipio,MAYAGUEZ,"1,356",,,
PR0724087,COPAR,Community water system,Surface water,Corozal Municipio,COROZAL,"1,000",,,
PR0004915,COQUI,Community water system,Ground water,Salinas Municipio,"COQUI, SALINAS","10,262",,,
PR0306023,CORCOBADA,Community water system,Ground water,Anasco Municipio,ANASCO,360,,,
PR0002902,CORCOVADA,Community water system,Ground water,Hatillo Municipio,CORCOVADA,"1,000",,,
PR0457094,COREA METRALLA,Community water system,Surface water,Penuelas Municipio,PENUELAS,"1,000",,,
PR0457084,COROZAL,Community water system,Ground water,Penuelas Municipio,PENUELAS,130,,,
PR0005487,COROZAL URBANO,Community water system,Surface water,Corozal Municipio,COROZAL,"11,377",,,
PR0563015,CORPORACION AZUCARERA AGUIRRE,Community water system,Ground water,Salinas Municipio,SALINAS,"1,500",,,
PR0457044,CORPORACION PRO SALUD Y MEJORA,Community water system,Surface water,Penuelas Municipio,PENUELAS,320,,,
PR0455314,CORPORACION SALTOS PELLEJA,Community water system,Ground water,Orocovis Municipio,OROCOVIS,248,,,
PR0666086,CORPORACION SEC. CANTERA,Community water system,Ground water,San Lorenzo Municipio,SAN LORENZO,53,,,
PR0004104,CORRAL VIEJO,Community water system,Surface water,Ponce Municipio,CORRAL VIEJO,680,,,
PR0002932,COTO NORTE,Community water system,Ground water,Manati Municipio,MANATI,"1,520",,,
PR0002962,COTO SUR,Community water system,Ground water,Manati Municipio,MANATI,"18,304",,,
PR0004524,COTTO LAUREL,Community water system,Surface water,Ponce Municipio,PONCE,"14,365",,,
PR0401364,CRUCERO,Community water system,Surface water,Adjuntas Municipio,ADJUNTAS,29,,,
PR0002611,CUBUY,Community water system,Surface water,"Canovanas Municipio, Juncos Municipio","CANOVANAS, JUNCOS","5,481",,,
PR0005286,CUBUY MAIZALES,Community water system,Surface water,Naguabo Municipio,"CUBUY, NAGUABO",673,,,
PR0115011,CUBUY-MARINE,Community water system,Surface water,Canovanas Municipio,CANOVANAS,150,,,
PR0661016,CUERPO DE VOLUNTARIO,Community water system,Surface water,Rio Grande Municipio,-,240,,,
PR0476184,CUESTA DEP PASTO,Community water system,Surface water,Villalba Municipio,-,36,,,
PR0005366,CULEBRA,Community water system,Surface water,Culebra Municipio,"CULEBRA, CULEBRAS","3,020",,,
PR0004665,CULEBRAS,Community water system,Surface water,Cayey Municipio,"CAYEY, CULEBRAS","1,702",,,
PR0165011,CUPEY ALTO,Community water system,Surface water,San Juan Municipio,-,45,,,
PR0422064,CUY N,Community water system,Ground water,Coamo Municipio,COAMO,150,,,
PR0505055,CUYON,Community water system,Ground water,Aibonito Municipio,AIBONITO,461,,,
PR0004555,CUYON,Community water system,Ground water,Aibonito Municipio,"AIBONITO, CUYON PASTO VIE",699,,,
PR0476024,DAJAO,Community water system,Surface water,Villalba Municipio,-,120,,,
PR0005547,DAJAOS,Community water system,Surface water,Bayamon Municipio,BAYAM N,"4,464",,,
PR0004504,DAJAOS,Community water system,Ground water,Villalba Municipio,VILLALBA,488,,,
PR0455014,DAMIAN ABAJO,Community water system,Surface water,Orocovis Municipio,OROCOVIS,400,,,
PR0455234,DAMIAN ARRIBA,Community water system,Ground water,Orocovis Municipio,OROCOVIS,320,,,
PR0004444,DEPORTIVO,Community water system,Ground water,Guayanilla Municipio,GUAYANILLA,997,,,
PR0458204,DESTILERIA SERRALLES,Community water system,Surface water,-,-,"1,003",,,
PR0005607,DORADO URBANO,Community water system,Ground water,Dorado Municipio,DORADO,"28,218",,,
PR0348063,DOS RIOS,Community water system,Surface water,Maricao Municipio,-,36,,,
PR0003553,DUEY,Community water system,Ground water,San German Municipio,"DUEY QUINONEZ, SAN GERMAN","5,708",,,
PR0004234,DUEY,Community water system,Surface water,"Maricao Municipio, Yauco Municipio","MARICAO, YAUCO","3,388",,,
PR0666106,EL CERRO,Community water system,Ground water,San Lorenzo Municipio,SAN LORENZO,149,,,
PR0003425,EL JAPONES,Community water system,Ground water,San German Municipio,SAN GERMAN,"1,107",,,
PR0613426,EL MANANTIAL,Community water system,Ground water,Hatillo Municipio,CAGUAS,128,,,
PR0476044,EL MONTE,Community water system,Surface water,Villalba Municipio,-,70,,,
PR0476244,EL NUEVO PINO 1,Community water system,Surface water,Villalba Municipio,-,32,,,
PR0455214,EL PERICO II,Community water system,Ground water,Orocovis Municipio,OROCOVIS,88,,,
PR0476254,EL PINO 2,Community water system,Ground water,Villalba Municipio,-,100,,,
PR0455204,EL PRICO,Community water system,Surface water,Orocovis Municipio,-,24,,,
PR0003423,EL ROSARIO,Community water system,Ground water,"Mayaguez Municipio, San German Municipio",SAN GERMAN,"1,426",,,
PR0367033,EL SOMBREO,Community water system,Surface water,San Sebastian Municipio,-,60,,,
PR0458234,EL TESORO,Community water system,Surface water,Ponce Municipio,PONCE,135,,,
PR0272072,EL VERDE,Community water system,Surface water,Utuado Municipio,UTUADO,240,,,
PR0458314,EL YUMURI,Community water system,Surface water,Ponce Municipio,PONCE,80,,,
PR0005296,EL YUNQUE,Community water system,Surface water,"Naguabo Municipio, Rio Grande Municipio",RIO GRANDE,"54,350",,,
PR0530065,ENCHAUTEGUI,Community water system,Surface water,Guayama Municipio,-,36,,,
PR0005477,ENRIQUE ORTEGA LA PLATA-METROP,Community water system,Surface water,Toa Alta Municipio,TOA ALTA,"363,936",,,
PR0004084,ENSENADA,Community water system,Ground water,Guanica Municipio,"GUANICA, PONCE","7,019",,,
PR0429014,ENSENADA,Community water system,Ground water,Guanica Municipio,-,"7,180",,,
PR0207032,ESC. INMENSION IDIOMAS-CROZIER,Community water system,Surface water,-,-,270,,,
PR0302073,ESCUELA ATALAYA,Community water system,Ground water,Aguada Municipio,AGUADA,270,,,
PR0401354,ESCUELA RESIDENCIAL AGRICOLA,Community water system,Ground water,Adjuntas Municipio,ADJUNTAS,80,,,
PR0003884,ESMERALDA,Community water system,Ground water,Santa Isabel Municipio,"PONCE, SANTA ISABEL","1,462",,,
PR0002792,ESPERANZA,Community water system,Surface water,Arecibo Municipio,ARECIBO,"3,685",,,
PR0754047,ESPINELL,Community water system,Ground water,-,-,205,,,
PR0003483,ESPINO,Community water system,Surface water,"Anasco Municipio, Las Marias Municipio",LAS MARIAS,164,,,
PR0005136,ESPINO,Community water system,Surface water,San Lorenzo Municipio,"ESPINO, SAN LORENZO","2,072",,,
PR0329013,ESTACION M,Community water system,Ground water,Guanica Municipio,GUANICA,"2,500",,,
PR0458344,ESTANCIAS DEL MADRIGAL,Community water system,Ground water,Ponce Municipio,PONCE,258,,,
PR0004604,EXPERIMENTAL,Community water system,Ground water,Juana Diaz Municipio,JUANA DIAZ,"7,732",,,
PR0005306,FAJARDO CEIBA,Community water system,Surface water,Fajardo Municipio,"FAJARDO, FAJARDO CEIBA","50,837",,,
PR0004925,FARALLON,Community water system,Surface water,Cayey Municipio,CAYEY,0,,,
PR0518025,FARALLON,Community water system,Ground water,Cayey Municipio,CAYEY,288,,,
PR0455054,FCA. GERALDO PAGAN,Community water system,Ground water,Orocovis Municipio,OROCOVIS,680,,,
PR0754077,FEIJO,Community water system,Ground water,Naranjito Municipio,NARANJITO,460,,,
PR0004875,FELICITA,Community water system,Ground water,Patillas Municipio,-,800,,,
PR0457104,FIGUEROA,Community water system,Surface water,Penuelas Municipio,-,160,,,
PR0272282,FINCA CARBONELL,Community water system,Ground water,Utuado Municipio,UTUADO,240,,,
PR0242132,FINCA ECHEANDIA,Community water system,Surface water,Lares Municipio,-,28,,,
PR0711017,FINCA FEDERICO MULERO,Community water system,Surface water,Yabucoa Municipio,-,30,,,
PR0272132,FINCA JOSE SOTO (NEGRO),Community water system,Surface water,Utuado Municipio,-,80,,,
PR0272022,FINCA JUAN BERMUDEZ,Community water system,Surface water,Utuado Municipio,UTUADO,44,,,
PR0115031,FINCA LOS GARCIA,Community water system,Surface water,Canovanas Municipio,CANOVANAS,84,,,
PR0115041,FINCA LOS MATOS,Community water system,Surface water,Canovanas Municipio,CANOVANAS,64,,,
PR0613356,FINCA MI RECREO,Community water system,Surface water,Caguas Municipio,CAGUAS,160,,,
PR0335013,FINCA SAN JOSE-EUREKA,Community water system,Ground water,Hormigueros Municipio,-,5,,,
PR0272032,FINCA WILLIAM LUGO,Community water system,Ground water,Utuado Municipio,UTUADO,60,,,
PR0002732,FLORIDA URBANO,Community water system,Ground water,Florida Municipio,FLORIDA,"15,056",,,
PR0439024,FORT ALLEN,Community water system,Ground water,Juana Diaz Municipio,JUANA DIAZ,"1,000",,,
PR0003852,FRANQUEZ,Community water system,Ground water,Manati Municipio,MANATI,"3,252",,,
PR0003012,FRONTON,Community water system,Surface water,Ciales Municipio,CIALES,"3,347",,,
PR0002782,GARROCHALES,Community water system,Ground water,Arecibo Municipio,"ARECIBO, GARROCHALES","5,754",,,
PR0004584,GARZAS,Community water system,Surface water,Adjuntas Municipio,ADJUNTAS,"2,782",,,
PR0401234,GARZAS JUNCOS,Community water system,Ground water,Adjuntas Municipio,ADJUNTAS,460,,,
PR0401254,GILBERTO MUNIZ,Community water system,Surface water,Adjuntas Municipio,-,30,,,
PR0754037,GUADIANA ALEJANDRO,Community water system,Ground water,Naranjito Municipio,NARANJITO,600,,,
PR0004755,GUAMANI,Community water system,Surface water,Guayama Municipio,"BO GUAMANI, GUAYAMA","1,056",,,
PR0004074,GUANICA URBANO,Community water system,Ground water,Guanica Municipio,GUANICA,"12,864",,,
PR0478064,GUARAGUAO,Community water system,Surface water,Yauco Municipio,YAUCO,420,,,
PR0004114,GUARAGUAO,Community water system,Surface water,Ponce Municipio,PONCE,"1,680",,,
PR0439034,GUARAGUAO,Community water system,Surface water,Juana Diaz Municipio,JUANA DIAZ,450,,,
PR0556095,GUARDARRAYA,Community water system,Surface water,Patillas Municipio,PATILLAS,120,,,
PR0004645,GUAVATE,Community water system,Surface water,Cayey Municipio,"CAYEY, GUAVATE","7,556",,,
PR0401124,GUAYABO DULCE,Community water system,Surface water,Adjuntas Municipio,-,40,,,
PR0005186,GUAYABOTA,Community water system,Surface water,Yabucoa Municipio,"GUAYABOTA, YABUCOA","1,852",,,
PR0004745,GUAYAMA URBANO,Community water system,Surface water,"Arroyo Municipio, Guayama Municipio","ARROYO, GUAYAMA","45,959",,,
PR0004544,GUAYANES,Community water system,Surface water,Penuelas Municipio,PENUELAS,"9,549",,,
PR0005226,GUAYANES I,Community water system,Ground water,Yabucoa Municipio,YABUCOA,"2,006",,,
PR0005246,GUAYANES II,Community water system,Ground water,Yabucoa Municipio,YABUCOA,796,,,
PR0004054,GUAYANILLA URBANO,Community water system,Ground water,"Guayanilla Municipio, Ponce Municipio","GUAYANILLA, PONCE","9,597",,,
PR0004154,GUILARTE,Community water system,Surface water,Adjuntas Municipio,"ADJUNTAS, PONCE",922,,,
PR0004494,GUILARTE,Community water system,Surface water,Adjuntas Municipio,ADJUNTAS,"2,090",,,
PR0401024,GUILARTE HELECHALES,Community water system,Ground water,Adjuntas Municipio,ADJUNTAS,219,,,
PR0005096,GURABO URBANO,Community water system,Surface water,Gurabo Municipio,GURABO,"13,639",,,
PR0005356,GUZMAN ARRIBA,Community water system,Surface water,Rio Grande Municipio,RIO GRANDE,"3,854",,,
PR0348113,HACHOTILLO,Community water system,Surface water,Maricao Municipio,-,120,,,
PR0458014,HACIENDA BURENES,Community water system,Surface water,Ponce Municipio,PONCE,50,,,
PR0272102,HACIENDA RULLAN,Community water system,Surface water,Utuado Municipio,UTUADO,340,,,
PR0478024,HACIENDA SALVACION,Community water system,Surface water,-,-,100,,,
PR0002662,HATILLO-CAMUY,Community water system,Surface water,Hatillo Municipio,"HATILLO, HATILLO CAMUY","37,453",,,
PR0476284,HATO PUERCO ABAJO,Community water system,Ground water,Villalba Municipio,-,65,,,
PR0003954,HAYALES,Community water system,Surface water,"Coamo Municipio, Orocovis Municipio","OROCOVIS, PONCE","2,887",,,
PR0510195,HELECHAL-GUAYABO,Community water system,Ground water,Barranquitas Municipio,BARRANQUITAS,720,,,
PR0476294,HIGUERO,Community water system,Ground water,Villalba Municipio,-,300,,,
PR0455124,HIPOLITO COLON,Community water system,Surface water,Orocovis Municipio,-,72,,,
PR0004224,HOGARES SEGUROS,Community water system,Surface water,Ponce Municipio,PONCE,544,,,
PR0004514,HOGARES SEGUROS,Community water system,Surface water,Ponce Municipio,PONCE,330,,,
PR0458024,HOGARES SEGUROS,Community water system,Surface water,Ponce Municipio,PONCE,40,,,
PR0005426,HORMIGAS I,Community water system,Ground water,Caguas Municipio,CAGUAS,"5,488",,,
PR0003383,HORMIGUERO,Community water system,Ground water,Hormigueros Municipio,"HORMIGUERO, HORMIGUEROS","11,210",,,
PR0005176,HUMACAO-LAS PIEDRAS,Community water system,Surface water,Humacao Municipio,HUMACAO,"50,452",,,
PR0306083,HUMATAS DEEP WATER,Community water system,Ground water,Moca Municipio,MOCA,170,,,
PR0003232,INDIERA ALTA,Community water system,Surface water,Maricao Municipio,MARICAO,"2,273",,,
PR0003513,INDIERA ALTA,Community water system,Surface water,Maricao Municipio,INDIERA ALTA,262,,,
PR0002672,ISABELA,Community water system,Surface water,Isabela Municipio,ISABELA,"59,196",,,
PR0220012,ISMAEL RIVERA CANDELARIA,Community water system,Surface water,-,-,340,,,
PR0677176,J CANAS,Community water system,Ground water,Yabucoa Municipio,YABUCOA,540,,,
PR0004845,JACABOAS,Community water system,Ground water,Patillas Municipio,"BO JACABOA, PATILLAS","3,527",,,
PR0004534,JACAGUAS,Community water system,Ground water,Juana Diaz Municipio,JUANA DIAZ,"5,156",,,
PR0677126,JACANAS,Community water system,Surface water,Yabucoa Municipio,-,840,,,
PR0677216,JACANAS SUR,Community water system,Ground water,Yabucoa Municipio,YABUCOA,"1,080",,,
PR0004624,JAGUA CEIBA,Community water system,Surface water,Penuelas Municipio,PENUELAS,"1,085",,,
PR0004264,JAGUA CEIBA,Community water system,Surface water,Penuelas Municipio,PENUELAS,936,,,
PR0004244,JAGUA PASTO,Community water system,Surface water,Guayanilla Municipio,"GUAYANILLA, JAGUA PASTO","1,270",,,
PR0005416,JAGUAL,Community water system,Surface water,San Lorenzo Municipio,"JAGUAL, SAN LORENZO","3,870",,,
PR0005116,JAGUAL,Community water system,Surface water,San Lorenzo Municipio,JAGUAL,604,,,
PR0633046,JAGUAS,Community water system,Ground water,Gurabo Municipio,GURABO,280,,,
PR0003802,JAGUAS PESAS (POZAS),Community water system,Surface water,Ciales Municipio,CIALES,"4,272",,,
PR0302023,JAGUEY CHIQUITO,Community water system,Ground water,Aguada Municipio,AGUADA,856,,,
PR0005476,JAGUEYES,Community water system,Ground water,Yabucoa Municipio,YABUCOA,688,,,
PR0004675,JAJOME BAJO,Community water system,Surface water,Cayey Municipio,"CAYEY, JAJOME BAJO",497,,,
PR0303013,JARDIN DEL ATLANTICO,Community water system,Ground water,-,AGUADILLA,165,,,
PR0003874,JAUCA,Community water system,Ground water,Santa Isabel Municipio,"PONCE, SANTA ISABEL","2,041",,,
PR0002712,JAYUYA URBANO,Community water system,Surface water,Jayuya Municipio,JAYUYA,"11,248",,,
PR0724167,JEA QUALITY,Community water system,Surface water,Corozal Municipio,COROZAL,25,,,
PR0005336,JIMENEZ,Community water system,Surface water,Rio Grande Municipio,RIO GRANDE,292,,,
PR0002802,JOBALES,Community water system,Ground water,Arecibo Municipio,"ARECIBO, JOVALES","4,096",,,
PR0401344,JOSEFINA IRRIZARRY,Community water system,Surface water,Adjuntas Municipio,-,125,,,
PR0604066,JUAN ASENCIO,Community water system,Ground water,Aguas Buenas Municipio,AGUAS BUENAS,745,,,
PR0627016,JUAN DIEGO,Community water system,Surface water,Fajardo Municipio,FAJARDO,103,,,
PR0401284,JUAN GONZALEZ,Community water system,Ground water,Adjuntas Municipio,ADJUNTAS,500,,,
PR0004034,JUANA DIAZ URBANO,Community water system,Surface water,Juana Diaz Municipio,JUANA DIAZ,"28,733",,,
PR0003984,JULITA,Community water system,Surface water,Villalba Municipio,"PONCE, VILLALBA","1,111",,,
PR0005166,JUNCOS - CEIBA SUR,Community water system,Surface water,Juncos Municipio,JUNCOS,"39,460",,,
PR0348043,LA AURORA,Community water system,Ground water,Maricao Municipio,MARICAO,70,,,
PR0521115,LA CAPILLA,Community water system,Ground water,Cidra Municipio,CIDRA,860,,,
PR0458304,LA CARMELITA,Community water system,Surface water,Ponce Municipio,PONCE,38,,,
PR0348073,LA CARMEN,Community water system,Surface water,Maricao Municipio,-,160,,,
PR0272162,LA CASCADA MILAGRASA,Community water system,Surface water,Utuado Municipio,UTUADO,128,,,
PR0302043,LA CEIBA,Community water system,Ground water,Aguada Municipio,AGUADA,400,,,
PR0306073,LA CHOZA ARRIBA DE ANASCO,Community water system,Ground water,Anasco Municipio,ANASCO,160,,,
PR0306063,LA CHOZA II,Community water system,Ground water,Anasco Municipio,ANASCO,84,,,
PR0306033,LA CHOZA-PINALES,Community water system,Ground water,-,-,300,,,
PR0666056,LA CUCHILLA,Community water system,Ground water,San Lorenzo Municipio,SAN LORENZO,400,,,
PR0422074,LA CUESTA,Community water system,Ground water,Coamo Municipio,COAMO,172,,,
PR0510105,LA CUEVA DEL INDIO,Community water system,Ground water,Barranquitas Municipio,BARRANQUITAS,136,,,
PR0457114,LA GELPA,Community water system,Ground water,Penuelas Municipio,PENUELAS,252,,,
PR0005496,LA GRUA,Community water system,Ground water,Yabucoa Municipio,YABUCOA,"5,759",,,
PR0348123,LA JOSEFA,Community water system,Ground water,Maricao Municipio,MARICAO,80,,,
PR0003463,LA JOSEFA,Community water system,Surface water,"Anasco Municipio, Las Marias Municipio",LAS MARIAS,"1,588",,,
PR0563035,LA JULIA,Community water system,Ground water,Salinas Municipio,-,120,,,
PR0476054,LA JULITA,Community water system,Surface water,Villalba Municipio,VILLALBA,108,,,
PR0476194,LA JULITA 2,Community water system,Surface water,Villalba Municipio,-,40,,,
PR0478054,LA JURADA,Community water system,Surface water,Yauco Municipio,YAUCO,105,,,
PR0005516,LA LAURA,Community water system,Ground water,Yabucoa Municipio,-,995,,,
PR0523065,LA LOMA LOS PINOS,Community water system,Ground water,Comerio Municipio,-,125,,,
PR0523063,LA LOMA LOS PINOS,Community water system,Surface water,Comerio Municipio,-,125,,,
PR0005216,LA MALOJA,Community water system,Ground water,Yabucoa Municipio,MALOJA,160,,,
PR0003593,LA MAQUINA,Community water system,Surface water,Sabana Grande Municipio,"LA MAQUINA, SABANA GRANDE","4,803",,,
PR0004214,LA MOCHA,Community water system,Ground water,Ponce Municipio,PONCE,206,,,
PR0478034,LA MONTANA,Community water system,Surface water,Yauco Municipio,YAUCO,25,,,
PR0633096,LA PACHANGA-NAVARRO,Community water system,Ground water,Gurabo Municipio,-,360,,,
PR0003042,LA PICA,Community water system,Surface water,Jayuya Municipio,"JAYUYA, LA PICA",595,,,
PR0549035,LA PICA,Community water system,Surface water,Maunabo Municipio,MAUNABO,125,,,
PR0523125,LA PRIETA,Community water system,Surface water,Comerio Municipio,COMERIO,116,,,
PR0523115,LA PRIETA,Community water system,Ground water,Comerio Municipio,COMERIO,100,,,
PR0604116,LA RAMPLA-SIRIMAR,Community water system,Ground water,Aguas Buenas Municipio,-,25,,,
PR0455044,LA SAPIA,Community water system,Surface water,Orocovis Municipio,OROCOVIS,510,,,
PR0455284,LA SAPIA II LA COLINA,Community water system,Surface water,Orocovis Municipio,OROCOVIS,68,,,
PR0004594,LA SIERRITA,Community water system,Ground water,Villalba Municipio,VILLALBA,"2,039",,,
PR0510045,LA TIZA,Community water system,Surface water,-,-,29,,,
PR0510125,LA TIZA II,Community water system,Ground water,Barranquitas Municipio,BARRANQUITAS,240,,,
PR0476104,LA TOLLOSA,Community water system,Surface water,Villalba Municipio,-,32,,,
PR0754027,LA TOSCA-MULITAS,Community water system,Surface water,-,-,168,,,
PR0613296,LA UNION,Community water system,Ground water,Caguas Municipio,CAGUAS,321,,,
PR0724017,LA VEGA-FUENTES,Community water system,Surface water,Corozal Municipio,-,28,,,
PR0005627,LA VIRGENCITA,Community water system,Ground water,Toa Alta Municipio,TOA ALTA,"30,035",,,
PR0004354,LA YUCA,Community water system,Ground water,Ponce Municipio,PONCE,927,,,
PR0458054,LA YUCA,Community water system,Ground water,Ponce Municipio,PONCE,500,,,
PR0003772,LAGO GUAJATACA,Community water system,Surface water,"Isabela Municipio, San Sebastian Municipio","ISABELA, SAN SEBASTIAN","10,629",,,
PR0003343,LAJAS,Community water system,Surface water,Lajas Municipio,LAJAS,"47,310",,,
PR0476094,LAJITAS,Community water system,Ground water,Villalba Municipio,VILLALBA,40,,,
PR0005076,LAKE VIEW,Community water system,Ground water,Caguas Municipio,"CAGUAS, LAKE VIEW","1,376",,,
PR0003872,LARES ESPINO,Community water system,Surface water,Lares Municipio,LARES,"17,554",,,
PR0002692,LARES URBANO,Community water system,Surface water,Lares Municipio,LARES,"14,890",,,
PR0004945,LAS BOCAS,Community water system,Surface water,Barranquitas Municipio,BARRANQUITAS,"5,357",,,
PR0005056,LAS CAROLINAS,Community water system,Ground water,Caguas Municipio,CAGUAS,"2,460",,,
PR0005026,LAS CORUJAS,Community water system,Ground water,Aguas Buenas Municipio,AGUAS BUENAS,"1,064",,,
PR0604016,LAS CORUJAS,Community water system,Ground water,Aguas Buenas Municipio,AGUAS BUENAS,800,,,
PR0401014,LAS CRUCES,Community water system,Ground water,"Adjuntas Municipio, Trujillo Alto Municipio",ADJUNTAS,130,,,
PR0724107,LAS CRUCES,Community water system,Ground water,-,-,440,,,
PR0754097,LAS CRUCES,Community water system,Ground water,Naranjito Municipio,NARANJITO,"1,200",,,
PR0003732,LAS DELICIAS,Community water system,Surface water,Ciales Municipio,CIALES,"1,916",,,
PR0604146,LAS HACIENDAS,Community water system,Surface water,Aguas Buenas Municipio,-,200,,,
PR0613086,LAS HORMIGAS,Community water system,Ground water,Caguas Municipio,-,"2,200",,,
PR0004905,LAS MAREAS,Community water system,Ground water,Salinas Municipio,"BO LAS MAREAS, SALINAS",516,,,
PR0003363,LAS MARIAS,Community water system,Surface water,"Anasco Municipio, Las Marias Municipio",LAS MARIAS,"10,403",,,
PR0458004,LAS MESAS,Community water system,Surface water,Ponce Municipio,PONCE,120,,,
PR0005376,LAS PIEDRAS HUMACAO,Community water system,Surface water,"Humacao Municipio, Naguabo Municipio",HUMACAO,"31,428",,,
PR0604096,LAS TORRES ANDINO,Community water system,Ground water,Aguas Buenas Municipio,AGUAS BUENAS,144,,,
PR0476014,LAS TROZAS,Community water system,Surface water,Villalba Municipio,VILLALBA,70,,,
PR0003495,LAS VEGAS,Community water system,Ground water,Mayaguez Municipio,MAYAGUEZ,855,,,
PR0003453,LAVADEROS,Community water system,Ground water,San Sebastian Municipio,-,"2,267",,,
PR0003386,LAVADEROS,Community water system,Ground water,Hormigueros Municipio,HORMIGUEROS,"5,180",,,
PR0348103,LEONCIO (JUTH),Community water system,Surface water,Maricao Municipio,-,32,,,
PR0644076,LIJAS,Community water system,Surface water,Las Piedras Municipio,LAS PIEDRAS,596,,,
PR0272112,LIM N- PEDRO OLIVERAS,Community water system,Ground water,Utuado Municipio,UTUADO,160,,,
PR0401144,LIMANI,Community water system,Ground water,Adjuntas Municipio,ADJUNTAS,150,,,
PR0401154,LIMANI-LALDERON,Community water system,Surface water,Adjuntas Municipio,-,60,,,
PR0272122,LIMON MUNICIPAL,Community water system,Surface water,Utuado Municipio,UTUADO,30,,,
PR0005206,LIMONES,Community water system,Ground water,Yabucoa Municipio,"LIMONES, YABUCOA","10,308",,,
PR0549025,LIZAS,Community water system,Surface water,Maunabo Municipio,-,100,,,
PR0549055,LIZAS II,Community water system,Surface water,Maunabo Municipio,MAUNABO,150,,,
PR0549075,LIZAS III,Community water system,Surface water,Maunabo Municipio,-,125,,,
PR0002922,LLANADAS,Community water system,Surface water,Isabela Municipio,ISABELA,"5,404",,,
PR0348083,LLANADAS,Community water system,Ground water,Maricao Municipio,MARICAO,100,,,
PR0754087,LOLO PADILLA,Community water system,Ground water,Naranjito Municipio,NARANJITO,400,,,
PR0364073,LOMAS DE SANTA MARTA,Community water system,Ground water,San German Municipio,SAN GERMAN,156,,,
PR0132021,LOMAS VERDES (WATCH TOWER),Community water system,Ground water,Guaynabo Municipio,GUAYNABO,130,,,
PR0530045,LOS BARROS,Community water system,Surface water,Guayama Municipio,GUAYAMA,275,,,
PR0556045,LOS BARROS MARIN,Community water system,Surface water,Patillas Municipio,PATILLAS,108,,,
PR0004064,LOS CANOS,Community water system,Ground water,"Guanica Municipio, Yauco Municipio","GUANICA, YAUCO","15,937",,,
PR0458324,LOS CROTOS,Community water system,Ground water,Ponce Municipio,PONCE,38,,,
PR0666036,LOS DIAZ,Community water system,Ground water,San Lorenzo Municipio,SAN LORENZO,241,,,
PR0351013,LOS MORALES,Community water system,Surface water,Moca Municipio,-,96,,,
PR0510115,LOS MUCHOS,Community water system,Ground water,Barranquitas Municipio,BARRANQUITAS,280,,,
PR0004855,LOS POLLOS,Community water system,Surface water,Patillas Municipio,BO LOS POLLOS,"3,812",,,
PR0613166,LOS POLOS BORIQUEN,Community water system,Surface water,Caguas Municipio,CAGUAS,40,,,
PR0005637,LOS REYES,Community water system,Ground water,Comerio Municipio,COMERIO,"1,272",,,
PR0455094,LOS RIVERAS,Community water system,Surface water,Orocovis Municipio,-,240,,,
PR0633106,LOS VAZQUEZ,Community water system,Surface water,Gurabo Municipio,GURABO,80,,,
PR0613056,LOS VELAZQUEZ,Community water system,Ground water,Caguas Municipio,CAGUAS,253,,,
PR0242012,LUCAS LUGO,Community water system,Ground water,"Jayuya Municipio, Lares Municipio",LARES,40,,,
PR0171011,LUIS TORRES RODRIGUEZ,Community water system,Surface water,Trujillo Alto Municipio,-,28,,,
PR0005316,LUQUILLO URBANO,Community water system,Surface water,Luquillo Municipio,LUQUILLO,0,,,
PR0004254,MACANA,Community water system,Surface water,Penuelas Municipio,MACANA,"3,069",,,
PR0666026,MACANEA / ESPINO,Community water system,Surface water,San Lorenzo Municipio,SAN LORENZO,224,,,
PR0005597,MAGUAYO,Community water system,Ground water,Dorado Municipio,DORADO,"33,154",,,
PR0724047,MAGUEYES,Community water system,Surface water,Corozal Municipio,COROZAL,240,,,
PR0003934,MALPASO,Community water system,Surface water,Penuelas Municipio,PONCE,283,,,
PR0004464,MALPASO,Community water system,Surface water,Penuelas Municipio,PENUELAS,"1,029",,,
PR0457024,MALTILLO,Community water system,Surface water,Penuelas Municipio,PENUELAS,400,,,
PR0005446,MAMEY II,Community water system,Ground water,Gurabo Municipio,GURABO,247,,,
PR0238062,MAMEYES,Community water system,Surface water,Jayuya Municipio,-,1,,,
PR0003122,MAMEYES ABAJO,Community water system,Surface water,Utuado Municipio,"MAMEYES ABAJO, UTUADO","1,150",,,
PR0003062,MAMEYES ARRIBA,Community water system,Surface water,Jayuya Municipio,"JAYUYA, MAMEYES ARRIBA","2,152",,,
PR0724037,MAN  II,Community water system,Ground water,Corozal Municipio,COROZAL,140,,,
PR0724027,MANA I,Community water system,Ground water,Corozal Municipio,COROZAL,500,,,
PR0724097,MANA III,Community water system,Ground water,Corozal Municipio,COROZAL,500,,,
PR0510175,MANA-BERRIOS,Community water system,Surface water,-,-,"1,000",,,
PR0003262,MANATI EAST,Community water system,Ground water,Manati Municipio,MANATI,"47,519",,,
PR0002742,MANATI URBANO,Community water system,Ground water,Manati Municipio,MANATI,"15,244",,,
PR0523035,MANGO ABAJO,Community water system,Surface water,Comerio Municipio,-,160,,,
PR0004805,MAREAS,Community water system,Ground water,Guayama Municipio,BO MAREAS,956,,,
PR0005436,MARGARITA 2,Community water system,Ground water,Luquillo Municipio,LUQUILLO,440,,,
PR0003353,MARICAO,Community water system,Surface water,Maricao Municipio,MARICAO,"4,489",,,
PR0005577,MARICAO,Community water system,Surface water,Vega Alta Municipio,VEGA ALTA,"4,572",,,
PR0004865,MARIN ALTO,Community water system,Surface water,Patillas Municipio,"MARIN ALTO, PATILLAS",840,,,
PR0556145,"MARIN, SECTOR BETANCOURT",Community water system,Ground water,Patillas Municipio,PATILLAS,53,,,
PR0003413,MARINI,Community water system,Ground water,Mayaguez Municipio,MAYAGUEZ,"8,308",,,
PR0004294,MARUENOS,Community water system,Surface water,Ponce Municipio,MARUENOS,"2,535",,,
PR0633036,MASA II,Community water system,Surface water,Gurabo Municipio,-,25,,,
PR0004685,MATON RURAL,Community water system,Ground water,Cayey Municipio,MATON,"1,244",,,
PR0003974,MATRULLA,Community water system,Surface water,Orocovis Municipio,"OROCOVIS, PONCE","1,400",,,
PR0004564,MATRULLA,Community water system,Surface water,Orocovis Municipio,OROCOVIS,"2,350",,,
PR0004825,MATUYAS,Community water system,Surface water,Maunabo Municipio,"BO MATUYAS, MAUNABO",699,,,
PR0004815,MAUNABO URBANO,Community water system,Ground water,Maunabo Municipio,MAUNABO,"12,307",,,
PR0003283,MAYAGUEZ,Community water system,Surface water,"Anasco Municipio, Mayaguez Municipio","ANASCO, MAYAGUEZ","181,972",,,
PR0002591,METROPOLITANO,Community water system,Surface water,"Bayamon Municipio, San Juan Municipio, Toa Alta Municipio","BAYAMON, SAN JUAN, TOA ALTA","1,064,730",,,
PR0002812,MIRAFLORES,Community water system,Surface water,Arecibo Municipio,ARECIBO,"5,128",,,
PR0003102,MIRASOL,Community water system,Surface water,Lares Municipio,BUENOS AIRES,"1,000",,,
PR0478094,MOGOTE,Community water system,Ground water,Yauco Municipio,YAUCO,140,,,
PR0476144,MOGOTE IN-VACAS,Community water system,Surface water,Villalba Municipio,-,30,,,
PR0476114,MOGOTE-VACAS,Community water system,Surface water,Villalba Municipio,-,5,,,
PR0003583,MOLINA,Community water system,Surface water,Sabana Grande Municipio,"MOLINA RINCON, SABANA GRANDE",537,,,
PR0247092,MONASTERIO MADRE DE DIOS,Community water system,Ground water,Manati Municipio,MANATI,32,,,
PR0002942,MONTE BELLO,Community water system,Ground water,Manati Municipio,MANATI,"2,141",,,
PR0003523,MONTE DEL ESTADO,Community water system,Surface water,Maricao Municipio,"MARICAO, TABONUCO",973,,,
PR0644016,MONTONES,Community water system,Ground water,-,-,25,,,
PR0005486,MOROVIS,Community water system,Surface water,-,RIO GRANDE,614,,,
PR0005346,MOROVIS,Community water system,Surface water,Rio Grande Municipio,RIO GRANDE,836,,,
PR0002762,MOROVIS URBANO,Community water system,Surface water,Morovis Municipio,MOROVIS,"25,506",,,
PR0556015,MULAS,Community water system,Surface water,Patillas Municipio,PATILLAS,652,,,
PR0556135,MULAS SECTOR SOFIA,Community water system,Ground water,Patillas Municipio,PATILLAS,53,,,
PR0005406,MULITAS,Community water system,Ground water,Aguas Buenas Municipio,AGUAS BUENAS,408,,,
PR0604046,MULITAS CENTRO,Community water system,Ground water,Aguas Buenas Municipio,AGUAS BUENAS,670,,,
PR0003493,NARANJALES,Community water system,Surface water,"Anasco Municipio, Las Marias Municipio",LAS MAR AS,744,,,
PR0005507,NARANJITO URBANO,Community water system,Surface water,Naranjito Municipio,NARANJITO,"16,820",,,
PR0004715,NARANJO,Community water system,Ground water,Comerio Municipio,COMERIO,"2,822",,,
PR0003295,NARANJO SEGUI,Community water system,Ground water,Moca Municipio,MOCA,876,,,
PR0005537,NEGROS,Community water system,Surface water,Corozal Municipio,"COROZAL, NEGROS","17,988",,,
PR0005737,NEGROS,Community water system,Surface water,Corozal Municipio,COROZAL,"1,550",,,
PR0348023,NORICA,Community water system,Surface water,Maricao Municipio,-,32,,,
PR0455174,NOVILLA,Community water system,Ground water,Orocovis Municipio,OROCOVIS,40,,,
PR0003844,OLLAS,Community water system,Ground water,"Ponce Municipio, Santa Isabel Municipio","PONCE, SANTA ISABEL","2,095",,,
PR0004044,OROCOVIS URBANO,Community water system,Surface water,Orocovis Municipio,"OROCOVIS, PONCE","19,334",,,
PR0005466,PAISAJE DEL LAGO,Community water system,Ground water,Luquillo Municipio,LUQUILLO,611,,,
PR0604026,PAJILLAS,Community water system,Ground water,Aguas Buenas Municipio,-,100,,,
PR0604166,PAJITAS FALCON,Community water system,Ground water,Aguas Buenas Municipio,AGUAS BUENAS,268,,,
PR0003782,PAJONAL,Community water system,Ground water,Florida Municipio,FLORIDA,"3,204",,,
PR0002892,PAJUIL-PALOMA,Community water system,Ground water,Hatillo Municipio,"HATILLO, PAJUIL","7,380",,,
PR0005526,PALMA ROYALE,Community water system,Ground water,Las Piedras Municipio,LAS PIEDRAS,"1,776",,,
PR0724057,PALMARITO - MANA,Community water system,Ground water,Corozal Municipio,-,28,,,
PR0724067,PALMARITO II- RIACHUELO,Community water system,Surface water,Corozal Municipio,-,160,,,
PR0004735,PALOMAS,Community water system,Surface water,Comerio Municipio,COMERIO,800,,,
PR0523015,PALOMAS I,Community water system,Ground water,Comerio Municipio,COMERIO,80,,,
PR0523025,PALOMAS II,Community water system,Ground water,Comerio Municipio,COMERIO,47,,,
PR0005497,PALOS BLANCOS,Community water system,Surface water,Corozal Municipio,PALOS BLANCOS,"3,230",,,
PR0457054,PANDURA,Community water system,Surface water,Penuelas Municipio,PENUELAS,240,,,
PR0549065,PANDURA- TUMBAO,Community water system,Surface water,Maunabo Municipio,-,125,,,
PR0613036,PARC. NUEVAS CA%ABONCITO ACUED,Community water system,Ground water,Caguas Municipio,CAGUAS,312,,,
PR0633086,PARCELAS MARIA JIMENEZ,Community water system,Ground water,Gurabo Municipio,GURABO,200,,,
PR0343013,PARCELAS ZAPATA,Community water system,Surface water,Hormigueros Municipio,-,3,,,
PR0003864,PASP SECO,Community water system,Ground water,Santa Isabel Municipio,PONCE,"9,496",,,
PR0005506,PASTO SECO,Community water system,Ground water,Las Piedras Municipio,LAS PIEDRAS,754,,,
PR0005256,PASTO SECO,Community water system,Surface water,Las Piedras Municipio,"LAS PIEDRAS, PASTO SECO","1,948",,,
PR0004835,PATILLAS URBANO,Community water system,Surface water,Patillas Municipio,PATILLAS,"44,166",,,
PR0003633,PEDREGAL,Community water system,Ground water,San German Municipio,SAN GERMAN,"1,356",,,
PR0510015,PEDRO COLON-LAS BOCAS,Community water system,Ground water,-,-,25,,,
PR0431014,PELCHAS,Community water system,Surface water,Guayanilla Municipio,GUAYANILLA,120,,,
PR0521035,PELEGRIN SANTO,Community water system,Ground water,"Aguas Buenas Municipio, Cidra Municipio",CIDRA,298,,,
PR0401034,PELLEJAS,Community water system,Ground water,Adjuntas Municipio,ADJUNTAS,260,,,
PR0401314,PELLEJAS HOYOS,Community water system,Surface water,Adjuntas Municipio,-,360,,,
PR0455164,PELLEJAS II,Community water system,Ground water,Orocovis Municipio,OROCOVIS,500,,,
PR0455134,PELLEJAS-GALLERA I,Community water system,Ground water,Orocovis Municipio,OROCOVIS,25,,,
PR0348033,PELLICIA-PIETRI (PINTADO),Community water system,Surface water,Maricao Municipio,-,24,,,
PR0005276,PENA POBRE,Community water system,Surface water,Naguabo Municipio,PENA POBRE,"1,884",,,
PR0004324,PENUELAS,Community water system,Surface water,Penuelas Municipio,PENUELAS,"21,772",,,
PR0003443,PERCHAS,Community water system,Surface water,San Sebastian Municipio,SAN SEBASTIAN,"3,284",,,
PR0364013,PERICHE,Community water system,Surface water,San German Municipio,SAN GERMAN,"1,100",,,
PR0242022,PEZUELA II-R. TORRES,Community water system,Surface water,Jayuya Municipio,-,28,,,
PR0004474,PIEDRAS BLANCAS,Community water system,Ground water,Guayanilla Municipio,GUAYANILLA,"3,958",,,
PR0348093,PIETRI,Community water system,Surface water,Maricao Municipio,-,36,,,
PR0306013,PINALES ARRIBA,Community water system,Ground water,Anasco Municipio,ANASCO,240,,,
PR0613256,PINAS-BEATRIZ II,Community water system,Surface water,Caguas Municipio,CAGUAS,292,,,
PR0004595,PITAHAYA,Community water system,Ground water,Arroyo Municipio,PITAHAYA,"5,396",,,
PR0003296,PLATA I Y II,Community water system,Ground water,Moca Municipio,MOCA,"2,407",,,
PR0003854,PLAYITA CORTADA,Community water system,Ground water,Santa Isabel Municipio,"PONCE, SANTA ISABEL","1,302",,,
PR0116051,PLT.  MUNICIPAL CAROLINA,Community water system,Surface water,Carolina Municipio,CAROLINA,25,,,
PR0458214,PONCE DARLINGTON ELDERLY,Community water system,Ground water,Ponce Municipio,PONCE,183,,,
PR0003824,PONCE URBANO,Community water system,Surface water,"Penuelas Municipio, Ponce Municipio","PENUELAS, PONCE","153,092",,,
PR0439044,PORTILLO - MIRAMAR,Community water system,Surface water,Juana Diaz Municipio,JUANA DIAZ,383,,,
PR0220042,POZO AZUL CORP.,Community water system,Ground water,Ciales Municipio,CIALES,305,,,
PR0613446,POZO DE AGUA,Community water system,Ground water,Hatillo Municipio,CAGUAS,530,,,
PR0530035,POZO HONDO,Community water system,Ground water,Guayama Municipio,GUAYAMA,100,,,
PR0005266,PRASA,Community water system,Surface water,Naguabo Municipio,HIGUERILLO,560,,,
PR0004935,PRASA,Community water system,Surface water,Aibonito Municipio,AIBONITO,"5,000",,,
PR0302083,PROYECTO AGUAS,Community water system,Ground water,Aguada Municipio,AGUADA,412,,,
PR0350013,PROYECTO MONTOSO,Community water system,Surface water,-,-,6,,,
PR0476084,PUEBLITO,Community water system,Surface water,Villalba Municipio,-,130,,,
PR0272182,PUENTE BLANCO,Community water system,Surface water,Utuado Municipio,UTUADO,48,,,
PR0004775,PUENTE JOBOS,Community water system,Ground water,Guayama Municipio,BO PUENTE JOBOS,"4,296",,,
PR0238142,PUENTE NEGRO,Community water system,Surface water,Jayuya Municipio,JAYUYA,75,,,
PR0003395,PUENTES I Y II,Community water system,Ground water,Rincon Municipio,RINCON,"2,840",,,
PR0002972,PUGNADO,Community water system,Ground water,Vega Baja Municipio,"PUGNADO, VEGA BAJA","7,906",,,
PR0004364,PULGUILLAS,Community water system,Surface water,Coamo Municipio,"COAMO, PONCE","1,692",,,
PR0004304,QDA LIMON,Community water system,Ground water,Ponce Municipio,QDA LIMON,"1,100",,,
PR0002872,QUEBRADA,Community water system,Surface water,"Camuy Municipio, Hatillo Municipio","CAMUY, HATILLO","13,923",,,
PR0549015,QUEBRADA ARENAS,Community water system,Surface water,Maunabo Municipio,MAUNABO,180,,,
PR0005146,QUEBRADA ARENAS,Community water system,Surface water,San Lorenzo Municipio,"QUEBRADA ARENAS, SAN LORENZO",820,,,
PR0005126,QUEBRADA HONDA,Community water system,Surface water,San Lorenzo Municipio,SAN LORENZO,328,,,
PR0633056,QUEBRADA INFIERNO,Community water system,Ground water,Gurabo Municipio,-,90,,,
PR0302033,QUEBRADA LARGA,Community water system,Ground water,Aguada Municipio,AGUADA,488,,,
PR0002682,QUEBRADILLAS URBANO,Community water system,Surface water,Quebradillas Municipio,QUEBRADILLAS,"32,645",,,
PR0004404,QUEDRADA,Community water system,Ground water,Guayanilla Municipio,"GUAYANILLA, PONCE","2,701",,,
PR0431044,QUEDRADA HONDA,Community water system,Surface water,Guayanilla Municipio,GUAYANILLA,240,,,
PR0666046,QUEMADO I SEC. LOS ORTIZ,Community water system,Ground water,San Lorenzo Municipio,SAN LORENZO,286,,,
PR0666076,QUEMADOS II SEC. VICENTE,Community water system,Ground water,San Lorenzo Municipio,SAN LORENZO,283,,,
PR0003394,QUIYONES,Community water system,Ground water,Hormigueros Municipio,HORMIGUEROS,"2,808",,,
PR0003294,RAFAEL MATIAS,Community water system,Ground water,Aguada Municipio,AGUADA,"1,139",,,
PR0003399,RAMON VALENTIN,Community water system,Ground water,Moca Municipio,MOCA,"1,123",,,
PR0003573,RAYO,Community water system,Ground water,Sabana Grande Municipio,"RAYO PLATA, SABANA GRANDE","4,387",,,
PR0004024,REAL ANON,Community water system,Surface water,Ponce Municipio,PONCE,"3,174",,,
PR0004454,REAL ANON,Community water system,Surface water,Ponce Municipio,PONCE,"3,623",,,
PR0004664,REGIONAL VILLALBA TOA VACA,Community water system,Surface water,Villalba Municipio,VILLALBA,"45,080",,,
PR0003603,REMANSO,Community water system,Ground water,Cabo Rojo Municipio,CABO ROJO,298,,,
PR0455104,REPRESA TELESFORO,Community water system,Surface water,Orocovis Municipio,-,120,,,
PR0002842,RIO ARRIBA,Community water system,Surface water,Arecibo Municipio,ARECIBO,"1,777",,,
PR0002952,RIO ARRIBA SALIENTE,Community water system,Ground water,Manati Municipio,RIO ARRIBA,"3,100",,,
PR0005386,"RIO BLANCO,VIEQUES,CULEDRA",Community water system,Surface water,"Las Piedras Municipio, Naguabo Municipio, Vieques Municipio","LAS PIEDRAS, NAGUABO, VIEQUES","76,455",,,
PR0004434,RIO CANA,Community water system,Ground water,Juana Diaz Municipio,JUANA DIAZ,"1,135",,,
PR0004094,RIO LOCO,Community water system,Ground water,"Guanica Municipio, Yauco Municipio","GUANICA, YAUCO","1,501",,,
PR0003082,RIO PRIETO,Community water system,Surface water,Lares Municipio,LARES,800,,,
PR0003433,ROCHA,Community water system,Surface water,Moca Municipio,MOCA,"4,760",,,
PR0677036,ROIG,Community water system,Surface water,Yabucoa Municipio,-,50,,,
PR0003142,RONCADOR,Community water system,Surface water,Utuado Municipio,UTUADO,"5,221",,,
PR0003543,ROSARIO BAJO,Community water system,Surface water,San German Municipio,ROSARIO,594,,,
PR0364033,ROSARIO PENON,Community water system,Surface water,San German Municipio,SAN GERMAN,340,,,
PR0002992,ROSSY,Community water system,Ground water,Ciales Municipio,"CAMPAMENTO, CIALES","4,108",,,
PR0004614,RUCIO,Community water system,Surface water,Penuelas Municipio,PENUELAS,308,,,
PR0004284,RUCIO,Community water system,Surface water,Penuelas Municipio,PENUELAS,328,,,
PR0364023,SABANA ENEAS,Community water system,Ground water,San German Municipio,-,40,,,
PR0003333,SABANA GRANDE,Community water system,Surface water,Sabana Grande Municipio,SABANA GRANDE,"33,616",,,
PR0003192,SABANA GRANDE,Community water system,Surface water,Utuado Municipio,"UTAUDO, UTUADO","2,707",,,
PR0002822,SABANA HOYOS,Community water system,Surface water,Arecibo Municipio,"ARECIBO, SABANA HOYOS","16,804",,,
PR0005587,SABANA HOYOS,Community water system,Ground water,"Loiza Municipio, Vega Alta Municipio",VEGA ALTA,"16,016",,,
PR0422054,SABANA HOYOS,Community water system,Ground water,-,-,250,,,
PR0004885,SALINAS URBANO,Community water system,Ground water,Salinas Municipio,SALINAS,"12,081",,,
PR0004124,SALTILLO,Community water system,Ground water,Adjuntas Municipio,"ADJUNTAS, PONCE",770,,,
PR0004134,SALTILLO VACA,Community water system,Ground water,Adjuntas Municipio,"ADJUNTAS, PONCE",815,,,
PR0272272,SALTOS CAGUANA,Community water system,Surface water,Utuado Municipio,UTUADO,280,,,
PR0455144,SALTOS II,Community water system,Ground water,Orocovis Municipio,OROCOVIS,40,,,
PR0455154,"SALTOS PELLEJAS,INC.",Community water system,Ground water,Orocovis Municipio,OROCOVIS,160,,,
PR0003323,SAN GERMAN,Community water system,Surface water,San German Municipio,SAN GERMAN,"25,576",,,
PR0005106,SAN LORENZO URBANO,Community water system,Surface water,San Lorenzo Municipio,SAN LORENZO,"23,276",,,
PR0005396,SAN SALVADOR,Community water system,Surface water,Caguas Municipio,"CAGUAS, SAN SALVADOR","1,496",,,
PR0613156,SAN SALVADOR,Community water system,Surface water,-,-,30,,,
PR0613126,SAN SALVADOR HATO,Community water system,Surface water,-,-,25,,,
PR0613186,SAN SALVADOR II,Community water system,Surface water,-,-,50,,,
PR0613146,SAN SALVADOR PLAZA,Community water system,Surface water,-,-,30,,,
PR0003303,SAN SEBASTIAN,Community water system,Surface water,San Sebastian Municipio,SAN SEBASTIAN,"34,615",,,
PR0003022,SANAMUERTO,Community water system,Surface water,"Morovis Municipio, Orocovis Municipio","MOROVIS, OROCOVIS","2,391",,,
PR0238072,SANTA BARBARA,Community water system,Surface water,Jayuya Municipio,JAYUYA,500,,,
PR0238122,SANTA BARBARA II,Community water system,Surface water,Jayuya Municipio,JAYUYA,424,,,
PR0003712,SANTA ISABEL,Community water system,Surface water,Utuado Municipio,UTUADO,"3,690",,,
PR0003904,SANTA ISABEL URBANO,Community water system,Ground water,Santa Isabel Municipio,"PONCE, SANTA ISABEL","41,734",,,
PR0272222,SANTA ISABEL-ARIETE,Community water system,Surface water,Utuado Municipio,-,26,,,
PR0238022,SANTA ROSA,Community water system,Surface water,Jayuya Municipio,JAYUYA,460,,,
PR0002832,SANTANA,Community water system,Surface water,Arecibo Municipio,ARECIBO,"16,201",,,
PR0455324,SANTO TOMAS DE AQUINO,Community water system,Ground water,Orocovis Municipio,OROCOVIS,131,,,
PR0521015,SECTOR AGUSTIN SANTOS,Community water system,Ground water,-,-,"1,250",,,
PR0455074,SECTOR COLI,Community water system,Surface water,Orocovis Municipio,-,60,,,
PR0510025,SECTOR GALLERA-FA. BERRIOS,Community water system,Surface water,-,-,59,,,
PR0377023,SECTOR LAGUNA,Community water system,Ground water,"Las Marias Municipio, Trujillo Alto Municipio",LAS MARIAS,100,,,
PR0613176,SECTOR LAJITAS,Community water system,Surface water,Caguas Municipio,CAGUAS,33,,,
PR0401074,SECTOR LOS HERNANDEZ,Community water system,Ground water,Adjuntas Municipio,ADJUNTAS,240,,,
PR0613106,SECTOR LOZADA Y POZO DULCE,Community water system,Ground water,Caguas Municipio,CAGUAS,506,,,
PR0633016,SECTOR MARIA JIMENEZ,Community water system,Ground water,Gurabo Municipio,-,600,,,
PR0633026,SECTOR PACHANGA,Community water system,Ground water,Gurabo Municipio,-,390,,,
PR0518015,SECTOR PEPE HOYOS,Community water system,Ground water,Cayey Municipio,CAYEY,149,,,
PR0604056,SECTOR TIZA,Community water system,Ground water,Aguas Buenas Municipio,AGUAS BUENAS,327,,,
PR0242112,SECTOR VEGA CALCERADA,Community water system,Surface water,Lares Municipio,-,26,,,
PR0677026,SECTOR VILLA,Community water system,Surface water,Yabucoa Municipio,-,45,,,
PR0003994,SEMIL,Community water system,Surface water,Villalba Municipio,PONCE,404,,,
PR0476034,SEMIL   I,Community water system,Ground water,Villalba Municipio,VILLALBA,30,,,
PR0458174,SERVICIO DE AGUA,Community water system,Ground water,Ponce Municipio,PONCE,310,,,
PR0478074,SIERRA ALTA,Community water system,Ground water,-,-,175,,,
PR0478084,SIERRA ALTA II MOGOTE,Community water system,Surface water,-,-,80,,,
PR0476204,SIERRITA,Community water system,Ground water,Villalba Municipio,VILLALBA,268,,,
PR0476314,SIERRITA-CAONILLA,Community water system,Ground water,Villalba Municipio,VILLALBA,100,,,
PR0272252,SIST. RURAL GRAULAO,Community water system,Surface water,Utuado Municipio,UTUADO,64,,,
PR0478114,SISTEMA DE AGUA CACAO,Community water system,Surface water,Yauco Municipio,YAUCO,120,,,
PR0116041,SISTEMA DE AGUA DUAL BARRAZA,Community water system,Ground water,Carolina Municipio,CAROLINA,800,,,
PR0549095,SISTEMA DE AGUA MATUYAS BAJO,Community water system,Surface water,Maunabo Municipio,-,88,,,
PR0619016,SISTEMA DE AGUA ROOSEVELT ROADS,Community water system,Surface water,Ceiba Municipio,CEIBA,300,,,
PR0003752,SOBRINO,Community water system,Ground water,Vega Baja Municipio,VEGA BAJA,"3,812",,,
PR0677066,SODOMA,Community water system,Ground water,Yabucoa Municipio,YABUCOA,571,,,
PR0003202,SOLLER,Community water system,Ground water,Camuy Municipio,CAMUN,"2,586",,,
PR0351023,SONADOR II,Community water system,Ground water,Moca Municipio,MOCA,800,,,
PR0457034,SOPLAERA,Community water system,Ground water,Penuelas Municipio,PENUELAS,39,,,
PR0002000,SUPERACUEDUCTO,Community water system,Surface water,"Bayamon Municipio, San Juan Municipio, Toa Alta Municipio","SAN JUAN, TOA BAJA","238,603",,,
PR0003297,SUSANO FERRER,Community water system,Ground water,Moca Municipio,MOCA,780,,,
PR0003563,SUSUA,Community water system,Ground water,Sabana Grande Municipio,"SABANA GRANDE, SUSUA","2,536",,,
PR0510065,TABOR,Community water system,Ground water,Barranquitas Municipio,BARRANQUITAS,432,,,
PR0549045,TALANTE,Community water system,Ground water,Maunabo Municipio,-,375,,,
PR0549085,TALANTE,Community water system,Surface water,Maunabo Municipio,MAUNABO,60,,,
PR0004164,TANAMA,Community water system,Surface water,Adjuntas Municipio,"ADJUNTAS, PONCE","1,088",,,
PR0401164,TANAMA COMUNAL,Community water system,Surface water,Adjuntas Municipio,ADJUNTAS,35,,,
PR0677046,TEJAS II,Community water system,Ground water,Yabucoa Municipio,-,550,,,
PR0003438,TEOFILO VEGA,Community water system,Ground water,Aguada Municipio,AGUADA,"1,432",,,
PR0003792,TETUAN,Community water system,Ground water,Utuado Municipio,UTUADO,360,,,
PR0272092,TETUÃ‰N- MONTERO,Community water system,Surface water,Utuado Municipio,UTUADO,40,,,
PR0004194,TIBES,Community water system,Surface water,Ponce Municipio,PONCE,319,,,
PR0004574,TIBES,Community water system,Surface water,Ponce Municipio,PONCE,418,,,
PR0003742,TIBURONES ARTESIANO.,Community water system,Ground water,Barceloneta Municipio,-,"3,936",,,
PR0003182,TIERRA NUEVA RABANOS,Community water system,Ground water,Manati Municipio,MANATI,"15,109",,,
PR0272212,TIM RIVERA CASELLAS,Community water system,Surface water,Utuado Municipio,UTUADO,64,,,
PR0521045,TO TAS,Community water system,Ground water,Cidra Municipio,CIDRA,480,,,
PR0613406,TURADO CLUSTERS,Community water system,Ground water,Caguas Municipio,CAGUAS,520,,,
PR0132051,"U.S. ARMY, FORT BUCHANAN",Community water system,Surface water,Guaynabo Municipio,GUAYNABO,"6,411",,,
PR0613246,USUARIOS POZO PROFUNDO,Community water system,Ground water,Caguas Municipio,CAGUAS,193,,,
PR0002702,UTUADO URBANO,Community water system,Surface water,Utuado Municipio,UTUADO,"18,787",,,
PR0476124,VACAS II,Community water system,Surface water,Villalba Municipio,VILLALBA,500,,,
PR0476134,VACAS III,Community water system,Surface water,Villalba Municipio,VILLALBA,500,,,
PR0518075,VECINOS COMUNIDAD LUIS LEBRON,Community water system,Surface water,Cayey Municipio,CAYEY,193,,,
PR0242062,VEGA ACEVEDO,Community water system,Ground water,Lares Municipio,LARES,396,,,
PR0005567,VEGA ALTA URBANO,Community water system,Ground water,Vega Alta Municipio,VEGA ALTA,"34,559",,,
PR0002772,VEGA BAJA URBANO,Community water system,Surface water,Vega Baja Municipio,VEGA BAJA,"49,853",,,
PR0455224,VEGA REDONDA,Community water system,Surface water,Orocovis Municipio,-,52,,,
PR0004184,VEGAS ARRIBA,Community water system,Surface water,Adjuntas Municipio,"ADJUNTAS, PONCE",743,,,
PR0003052,VEGUITA,Community water system,Surface water,Jayuya Municipio,JAYUYA,"1,656",,,
PR0272262,VEGUITA,Community water system,Surface water,Utuado Municipio,UTUADO,300,,,
PR0238082,VEGUITAS GRIPINAS,Community water system,Surface water,Jayuya Municipio,JAYUYA,130,,,
PR0613066,VELAZQUEZ,Community water system,Ground water,-,-,160,,,
PR0523075,VIANA,Community water system,Surface water,Comerio Municipio,-,40,,,
PR0003702,VILA,Community water system,Ground water,Barceloneta Municipio,BARCELONETA,"4,340",,,
PR0476064,VILLA BLANCA,Community water system,Ground water,Villalba Municipio,VILLALBA,306,,,
PR0677086,VILLA II,Community water system,Surface water,Yabucoa Municipio,-,45,,,
PR0004384,VILLA PARAISO,Community water system,Surface water,Ponce Municipio,PONCE,"1,719",,,
PR0530075,VILLA VERDE,Community water system,Surface water,Guayama Municipio,GUAYAMA,260,,,
PR0003924,VILLALBA URBANO,Community water system,Surface water,Villalba Municipio,"PONCE, VILLALBA","3,698",,,
PR0476154,VISTA ALEGRE,Community water system,Surface water,Villalba Municipio,VILLALBA,340,,,
PR0003314,VISTA DEL RIO,Community water system,Ground water,Anasco Municipio,ANASCO,"2,515",,,
PR0272012,VIVI ABAJO,Community water system,Surface water,Utuado Municipio,UTUADO,57,,,
PR0003132,VIVI ARRIBA,Community water system,Surface water,Utuado Municipio,UTUADO,"1,136",,,
PR0005617,VIVONI,Community water system,Ground water,Dorado Municipio,DORADO,"1,567",,,
PR0003435,WILFREDO VALENTIN,Community water system,Ground water,San Sebastian Municipio,SAN SEBASTIAN,"2,222",,,
PR0005196,YABUCOA URBANO,Community water system,Surface water,Yabucoa Municipio,YABUCOA,"9,868",,,
PR0004684,YAHUECAS,Community water system,Surface water,Adjuntas Municipio,ADJUNTAS,"2,840",,,
PR0004144,YAHUECAS,Community water system,Surface water,Adjuntas Municipio,"ADJUNTAS, PONCE","3,834",,,
PR0004314,YAUCO,Community water system,Surface water,Yauco Municipio,YAUCO,"42,974",,,
PR0401094,YAYALES,Community water system,Surface water,Adjuntas Municipio,ADJUNTAS,40,,,
PR0238012,ZAMAS,Community water system,Surface water,Jayuya Municipio,JAYUYA,"1,400",,,
PR0002862,ZANJAS,Community water system,Ground water,Camuy Municipio,CAMUY,"5,612",,,
PR0005326,ZARZAL,Community water system,Surface water,Rio Grande Municipio,RIO GRANDE,900,,,
PR0510155,ZAYAS,Community water system,Surface water,-,-,52,,,
PR0748064,-,Community water system,Surface water,Dorado Municipio,-,30,,,
PR0207022,A H ROBINS MFGR CO,Non-Transient non-community system,Ground water,Arecibo Municipio,-,120,,,
PR0563105,A.E.E. AGUIRRE CICLO COMBINADO,Non-Transient non-community system,Ground water,Salinas Municipio,SALINAS,140,,,
PR0563065,A.E.E. AGUIRRE TERMOELECTRICA,Non-Transient non-community system,Ground water,"Guayama Municipio, Salinas Municipio",SALINAS,257,,,
PR0209032,ABBOTT PHARMACEUTICALS PR LTD.,Non-Transient non-community system,Ground water,Barceloneta Municipio,BARCELONETA,935,,,
PR0209122,ABBOTT PHARMACEUTICALS PR LTD.,Non-Transient non-community system,Ground water,Barceloneta Municipio,BARCELONETA,490,,,
PR0458334,ACADEMIA RAMOS MORALES,Non-Transient non-community system,Ground water,Ponce Municipio,PONCE,323,,,
PR0207062,"AIAC INTERNATIONAL PHARMA, LLC",Non-Transient non-community system,Ground water,Arecibo Municipio,ARECIBO,260,,,
PR0563085,ALBERGUE OLIMPICO DE P.R,Non-Transient non-community system,Ground water,Salinas Municipio,SALINAS,150,,,
PR0505045,ALGARROBO,Non-Transient non-community system,Ground water,Aibonito Municipio,-,75,,,
PR0518035,ALL AMERICA CABLE AND RADIO,Non-Transient non-community system,Ground water,Cayey Municipio,-,25,,,
PR0640026,AMGEN (AML-23),Non-Transient non-community system,Surface water,Juncos Municipio,JUNCOS,30,,,
PR0640016,"AMGEN MANUFACTURING, LTD",Non-Transient non-community system,Ground water,-,JUNCOS,"2,700",,,
PR0518055,AT & T,Non-Transient non-community system,Ground water,Cayey Municipio,CAYEY,120,,,
PR0209052,AUTORIDAD DE TIERRAS,Non-Transient non-community system,Ground water,"Barceloneta Municipio, Manati Municipio",MANATI,200,,,
PR0613416,"CAGUAS CENTRUM LIMITED P,S.E.",Non-Transient non-community system,Ground water,Hatillo Municipio,CAGUAS,"1,000",,,
PR0563095,CAMPAMENTO SANTIAGO,Non-Transient non-community system,Ground water,Salinas Municipio,SALINAS,500,,,
PR0661036,CAMPAMENTO YMCA,Non-Transient non-community system,Surface water,Rio Grande Municipio,-,75,,,
PR0636066,CARDINAL HEALTH MANUFACTURING,Non-Transient non-community system,Ground water,Humacao Municipio,HUMACAO,190,,,
PR0521135,"CARIBBEAN REFRESCOS, INC. (WW-01)",Non-Transient non-community system,Ground water,Cidra Municipio,CIDRA,420,,,
PR0247042,CARIBE AGRICHEMICALS,Non-Transient non-community system,Ground water,Manati Municipio,MANATI,380,,,
PR0209072,"CASERA FOODS, INC",Non-Transient non-community system,Ground water,Barceloneta Municipio,BARCELONETA,100,,,
PR0677166,CENTRAL ROIG,Non-Transient non-community system,Ground water,Yabucoa Municipio,YABUCOA,250,,,
PR0431034,CENTRAL TERMOELECTRICA,Non-Transient non-community system,Ground water,Guayanilla Municipio,GUAYANILLA,390,,,
PR0563125,CENTRO ENVEJECIENTES GODREAU,Non-Transient non-community system,Ground water,Salinas Municipio,SALINAS,43,,,
PR0644126,CENTURY PACKING CORP.,Non-Transient non-community system,Ground water,Las Piedras Municipio,LAS PIEDRAS,50,,,
PR0530015,CHEVRON PHILLIPS CHEMICAL PR CORE LLC,Non-Transient non-community system,Ground water,Guayama Municipio,GUAYAMA,500,,,
PR0521105,CIBA VISION DE PR,Non-Transient non-community system,Ground water,Cidra Municipio,CIDRA,188,,,
PR0677236,CIUDAD EDUCATIVA DR. ROQUE,Non-Transient non-community system,Surface water,Yabucoa Municipio,YABUCOA,440,,,
PR0636046,COLEGIO SAN ANTONIO ABAD,Non-Transient non-community system,Ground water,Humacao Municipio,HUMACAO,490,,,
PR0272242,COLEGIO SAN MIGUEL,Non-Transient non-community system,Ground water,Utuado Municipio,UTUADO,250,,,
PR0209102,CRUCE DAVILA DEVELOPMENT LLC,Non-Transient non-community system,Ground water,Barceloneta Municipio,BARCELONETA,"1,000",,,
PR0247072,CYANAMID AGRICULTURAL P.R.,Non-Transient non-community system,Ground water,Manati Municipio,-,160,,,
PR0636056,DANBURY PHAMACAL CARIBE INC.,Non-Transient non-community system,Ground water,Humacao Municipio,HUMACAO,200,,,
PR0247012,DAVIS & RECK INC,Non-Transient non-community system,Ground water,Manati Municipio,-,900,,,
PR0773027,"DBR DEVELOPMENT MANAGEMENT, LLC",Non-Transient non-community system,Ground water,Vega Alta Municipio,VEGA ALTA,"1,000",,,
PR0457154,"ECOELECTRICA, L. P.",Non-Transient non-community system,Surface water,Penuelas Municipio,PENUELAS,100,,,
PR0132071,"EL DIA, INC",Non-Transient non-community system,Ground water,Guaynabo Municipio,GUAYNABO,"1,100",,,
PR0458254,ESSILOR INDUSTRIES,Non-Transient non-community system,Ground water,Ponce Municipio,PONCE,250,,,
PR0274022,EURO CARIBE PACKING COMPANY,Non-Transient non-community system,Ground water,Vega Baja Municipio,VEGA BAJA,275,,,
PR0636086,EX-LAX,Non-Transient non-community system,Surface water,Humacao Municipio,HUMACAO,300,,,
PR0116011,FACILIDADES CERAP,Non-Transient non-community system,Surface water,Carolina Municipio,CAROLINA,225,,,
PR0348133,FENWAL INTERNATIONAL MARICAO,Non-Transient non-community system,Ground water,Maricao Municipio,MARICAO,700,,,
PR0661056,FOREST SERVICE-EL YUNQUE,Non-Transient non-community system,Ground water,Rio Grande Municipio,RIO GRANDE,55,,,
PR0209062,FRITO-LAY OF PR INC,Non-Transient non-community system,Ground water,Barceloneta Municipio,-,58,,,
PR0207012,GLOBAL COMMODITY GROUP,Non-Transient non-community system,Ground water,Arecibo Municipio,ARECIBO,411,,,
PR0458184,HANES MENSWEAR,Non-Transient non-community system,Ground water,-,-,500,,,
PR0303033,HONEYWELL AEROSPACE PR,Non-Transient non-community system,Surface water,Aguadilla Municipio,AGUADILLA,750,,,
PR0165021,HOSPITAL AUXILIO MUTUO,Non-Transient non-community system,Ground water,San Juan Municipio,RIO PIEDRAS,"1,900",,,
PR0458114,HOSPITAL DE DAMAS,Non-Transient non-community system,Ground water,Ponce Municipio,PONCE,"1,306",,,
PR0364083,HOSPITAL DE LA CONCEPCION,Non-Transient non-community system,Ground water,San German Municipio,SAN GERMAN,900,,,
PR0364053,HOSPITAL LA CONCEPCION,Non-Transient non-community system,Ground water,San German Municipio,-,600,,,
PR0505065,HOSPITAL MENONITA,Non-Transient non-community system,Ground water,Aibonito Municipio,AIBONITO,890,,,
PR0613326,HOSPITAL SAN RAFAEL,Non-Transient non-community system,Ground water,Caguas Municipio,-,200,,,
PR0458354,IGLESIA CRISTIANA DE LA FAMILIA,Non-Transient non-community system,Ground water,Ponce Municipio,PONCE,400,,,
PR0521095,INSTRUMENTACION LABORATORY,Non-Transient non-community system,Ground water,Cidra Municipio,CIDRA,50,,,
PR0644056,"INTEL PUERTO RICO,LTD",Non-Transient non-community system,Ground water,Las Piedras Municipio,LAS PIEDRAS,"3,100",,,
PR0633066,JANSSEN,Non-Transient non-community system,Ground water,Gurabo Municipio,-,44,,,
PR0633076,"JANSSEN ORTHO , LLC",Non-Transient non-community system,Ground water,Gurabo Municipio,GURABO,"1,000",,,
PR0644066,JOHNSON & JOHNSON,Non-Transient non-community system,Surface water,Las Piedras Municipio,LAS PIEDRAS,300,,,
PR0111021,JUAN RAMON LOUBRIEL,Non-Transient non-community system,Ground water,Bayamon Municipio,BAYAMON,770,,,
PR0115061,"KIKUET EMPRESAS YNVINA, INC.",Non-Transient non-community system,Ground water,Canovanas Municipio,CANOVANAS,105,,,
PR0312043,LA CIEN PLAZA,Non-Transient non-community system,Ground water,Cabo Rojo Municipio,CABO ROJO,31,,,
PR0770027,LA FAMOSA,Non-Transient non-community system,Ground water,Toa Baja Municipio,"BAYAMON, TOA BAJA",65,,,
PR0209022,"LAUSELL, INC.",Non-Transient non-community system,Ground water,Barceloneta Municipio,BARCELONETA,142,,,
PR0116021,LILLY DEL CARIBE PR-I,Non-Transient non-community system,Surface water,Carolina Municipio,CAROLINA,493,,,
PR0116031,LILLY DEL CARIBE PR-II,Non-Transient non-community system,Surface water,Carolina Municipio,CAROLINA,200,,,
PR0468044,MARTEX FARMS,Non-Transient non-community system,Ground water,Santa Isabel Municipio,SANTA ISABEL,100,,,
PR0770017,MASTER CONCRETE,Non-Transient non-community system,Ground water,Toa Baja Municipio,TOA BAJA,60,,,
PR0468024,MC NAIL DIV LIBBYS,Non-Transient non-community system,Ground water,Santa Isabel Municipio,-,150,,,
PR0726017,MC NEIL PHARMACENTICAL CO.,Non-Transient non-community system,Ground water,Dorado Municipio,DORADO,271,,,
PR0726027,MC NEIL PHARMACENTICAL CO.,Non-Transient non-community system,Ground water,Dorado Municipio,DORADO,271,,,
PR0711027,MEPSI CENTER,Non-Transient non-community system,Ground water,Bayamon Municipio,BAYAM N,525,,,
PR0209092,"MERIAL BARCELONETA, LLC",Non-Transient non-community system,Ground water,Barceloneta Municipio,BARCELONETA,367,,,
PR0209042,"MISKASE,P.R. CORP.",Non-Transient non-community system,Ground water,Barceloneta Municipio,-,325,,,
PR0247082,MONTEBELLO MEAT PROCESSING,Non-Transient non-community system,Ground water,Manati Municipio,MANATI,50,,,
PR0613436,MOVA PHARMACEUTICAL COP.,Non-Transient non-community system,Ground water,Hatillo Municipio,CAGUAS,900,,,
PR0773037,MR. SPECIAL,Non-Transient non-community system,Ground water,Vega Alta Municipio,VEGA ALTA,250,,,
PR0644116,MSD INTERNATIONAL GMBH LLC,Non-Transient non-community system,Ground water,Las Piedras Municipio,LAS PIEDRAS,420,,,
PR0613386,MYLAN LLC,Non-Transient non-community system,Ground water,Caguas Municipio,CAGUAS,500,,,
PR0613396,"NEOLPHARMA, INC",Non-Transient non-community system,Ground water,Caguas Municipio,CAGUAS,257,,,
PR0207052,OBSERVATORIO DE ARECIBO,Non-Transient non-community system,Ground water,Arecibo Municipio,ARECIBO,100,,,
PR0429024,OCHOA FERTILIZER,Non-Transient non-community system,Ground water,Guanica Municipio,-,100,,,
PR0518095,OLAY COMPANY,Non-Transient non-community system,Ground water,Cayey Municipio,CAYEY,531,,,
PR0132061,P.R. TELEPHONE COMPANY,Non-Transient non-community system,Ground water,San Juan Municipio,SAN JUAN,"1,985",,,
PR0711037,PAN PEPIN,Non-Transient non-community system,Ground water,Bayamon Municipio,BAYAMON,300,,,
PR0247022,PATHEON PUERTO RICO,Non-Transient non-community system,Ground water,Manati Municipio,MANATI,600,,,
PR0518065,PEREZ HERMANOS PLAZA,Non-Transient non-community system,Ground water,Cayey Municipio,CAYEY,500,,,
PR0209012,PFIZER PHARMACEUTICALS,Non-Transient non-community system,Ground water,Barceloneta Municipio,BARCELONETA,"1,400",,,
PR0274012,PFIZER PHARMACEUTICALS LIMITED,Non-Transient non-community system,Ground water,Vega Baja Municipio,VEGA BAJA,"1,500",,,
PR0530095,PHYZER,Non-Transient non-community system,Ground water,Guayama Municipio,GUAYAMA,800,,,
PR0132011,POZO ROOSEVELT 1500,Non-Transient non-community system,Ground water,Guaynabo Municipio,GUAYNABO,"1,000",,,
PR0563115,PRODUCTOS AVICOLAS DEL SUR,Non-Transient non-community system,Ground water,Salinas Municipio,SALINAS,450,,,
PR0677116,"R.J. REYNOLDS TABACCO (CI),LLC",Non-Transient non-community system,Ground water,Yabucoa Municipio,YABUCOA,100,,,
PR0604106,RATTAN BORICUA,Non-Transient non-community system,Ground water,Aguas Buenas Municipio,-,40,,,
PR0209082,"RCA DEL CARIBE, INC",Non-Transient non-community system,Ground water,Barceloneta Municipio,-,325,,,
PR0312013,S.A. INVESTMENTES CORP.,Non-Transient non-community system,Ground water,Cabo Rojo Municipio,CABO ROJO,75,,,
PR0247052,"SCHERING-PLOUGH PRODUCTS, LLC",Non-Transient non-community system,Ground water,Manati Municipio,MANATI,"1,200",,,
PR0677106,SHELL CHEMICAL YABUCOA,Non-Transient non-community system,Ground water,Yabucoa Municipio,YABUCOA,90,,,
PR0468034,SIEMBRAS DE BORINQUE,Non-Transient non-community system,Ground water,Santa Isabel Municipio,SANTA ISABEL,30,,,
PR0508025,SISTEMA DE AGUA POTABLE STRYKER P.R. LTD,Non-Transient non-community system,Ground water,Arroyo Municipio,ARROYO,700,,,
PR0644096,SISTEMA-AGUA POTABLE. MCNEIL,Non-Transient non-community system,Ground water,Las Piedras Municipio,LAS PIEDRAS,"1,069",,,
PR0521065,SMITHKLINE BEECHAM (CORK) LIMITED,Non-Transient non-community system,Ground water,Cidra Municipio,CIDRA,302,,,
PR0613516,ST JUDE MEDICAL,Non-Transient non-community system,Ground water,Caguas Municipio,CAGUAS,800,,,
PR0115021,TITANGEL,Non-Transient non-community system,Ground water,Canovanas Municipio,CAN VANAS,50,,,
PR0458104,U.C.P.R,Non-Transient non-community system,Ground water,Ponce Municipio,PONCE,"7,416",,,
PR0677096,UNION CARBIDE,Non-Transient non-community system,Ground water,Yabucoa Municipio,-,750,,,
PR0457134,UNION CARBIDE,Non-Transient non-community system,Ground water,Penuelas Municipio,-,900,,,
PR0165031,UNIVERSIDAD INTERAMERICANA PR,Non-Transient non-community system,Ground water,San Juan Municipio,RIO PIEDRAS,"1,000",,,
PR0518085,UPR CAYEY,Non-Transient non-community system,Ground water,Cayey Municipio,CAYEY,"4,000",,,
PR0247032,WARNER CHILCOTT PUERTO RICO LLC,Non-Transient non-community system,Ground water,Manati Municipio,MANATI,63,,,
PR0521125,ZENITH,Non-Transient non-community system,Ground water,Cidra Municipio,-,80,,,
PR0220022,ACUED ASOC ADVENTISTAS CAMPAM,Transient non-community system,Ground water,Florida Municipio,-,300,,,
PR0661026,ACUEDUCTO COMPAMENTO ELISA,Transient non-community system,Surface water,Rio Grande Municipio,-,300,,,
PR0505025,ALGARROBO II,Transient non-community system,Surface water,-,-,30,,,
PR0455264,AREA RECREATIVA,Transient non-community system,Ground water,Orocovis Municipio,OROCOVIS,100,,,
PR0518115,ASSMCA,Transient non-community system,Ground water,Cayey Municipio,CAYEY,400,,,
PR0458084,BORINQUEN ASBESTOS CENMENT,Transient non-community system,Ground water,Ponce Municipio,-,45,,,
PR0458124,BUENA VISTA DAIRY,Transient non-community system,Ground water,Ponce Municipio,-,60,,,
PR0653036,CAMP PENAL PUNTA LIMA,Transient non-community system,Ground water,-,-,120,,,
PR0521085,CAMPAMENTO EBENEZER,Transient non-community system,Ground water,Cidra Municipio,CIDRA,150,,,
PR0563055,CANO VERDE-VILLA COLORADO,Transient non-community system,Ground water,-,-,50,,,
PR0530085,CARITE LAKES,Transient non-community system,Ground water,Guayama Municipio,GUAYAMA,150,,,
PR0505035,CASA MARIA MANRESA,Transient non-community system,Ground water,-,-,200,,,
PR0367044,CLINICA DRS PEREA,Transient non-community system,Ground water,Mayaguez Municipio,-,25,,,
PR0457124,COROCO,Transient non-community system,Ground water,Penuelas Municipio,-,"1,500",,,
PR0458154,EBANISTERIA RODRIGUEZ,Transient non-community system,Ground water,Ponce Municipio,-,30,,,
PR0458164,ESCUELA INDUSTRIAL DE NINAS,Transient non-community system,Ground water,Ponce Municipio,PONCE,350,,,
PR0367023,EUACIO,Transient non-community system,Surface water,San Sebastian Municipio,-,90,,,
PR0636036,FABRICA ALCON IND.,Transient non-community system,Ground water,Humacao Municipio,-,200,,,
PR0644026,FABRICAS PAMCOR C.,Transient non-community system,Ground water,-,-,25,,,
PR0312023,FUNERARIA SANTA ANA,Transient non-community system,Ground water,Cabo Rojo Municipio,-,25,,,
PR0458144,H.D.P.,Transient non-community system,Ground water,-,-,"5,000",,,
PR0644036,HERMOSURA DAIRY,Transient non-community system,Ground water,-,-,25,,,
PR0613316,HOSPITAL REGIONAL,Transient non-community system,Ground water,-,-,"2,000",,,
PR0238132,HOTEL HACIENDA GRIPINA,Transient non-community system,Ground water,Jayuya Municipio,JAYUYA,50,,,
PR0439064,HOTEL MARBELLA,Transient non-community system,Ground water,Juana Diaz Municipio,JUANA DIAZ,61,,,
PR0209112,INDUTRIAL ALIMENTICIA INC.,Transient non-community system,Ground water,Barceloneta Municipio,-,31,,,
PR0455304,JJLRC,Transient non-community system,Ground water,Orocovis Municipio,OROCOVIS,514,,,
PR0508015,LAFAYETTE,Transient non-community system,Ground water,-,-,50,,,
PR0636076,LEGACY PHARMACEUTICALS PR,Transient non-community system,Ground water,Humacao Municipio,HUMACAO,350,,,
PR0773017,LEVIS,Transient non-community system,Ground water,Vega Alta Municipio,-,25,,,
PR0362013,"LOCTITIE PUERTO RICO, INC",Transient non-community system,Ground water,Sabana Grande Municipio,-,140,,,
PR0468054,MARTEX FARM. PASO SECO,Transient non-community system,Ground water,Santa Isabel Municipio,SANTA ISABEL,42,,,
PR0644046,MOTEL GIRASOL,Transient non-community system,Ground water,-,-,25,,,
PR0468064,MOTEL LAS VEGAS,Transient non-community system,Ground water,Santa Isabel Municipio,SANTA ISABEL,52,,,
PR0247062,ORTHO PHRMACEUTICALS INC.,Transient non-community system,Ground water,Manati Municipio,-,200,,,
PR0613076,P.B. JACKETS,Transient non-community system,Ground water,Caguas Municipio,-,75,,,
PR0458074,P.R.IRON WORKS,Transient non-community system,Ground water,Ponce Municipio,-,100,,,
PR0563145,PR INTERNATIONAL SPEEDWAY CORP.,Transient non-community system,Ground water,Salinas Municipio,SALINAS,400,,,
PR0004334,RANCHERA,Transient non-community system,Surface water,"Ponce Municipio, Yauco Municipio","RANCHERAS, YAUCO","1,560",,,
PR0272302,RANCHO MARINA,Transient non-community system,Surface water,Utuado Municipio,UTUADO,200,,,
PR0458134,ROVIRA BISCUIT CO,Transient non-community system,Ground water,Ponce Municipio,-,125,,,
PR0530025,S.Y.F. LABORATORIES,Transient non-community system,Ground water,Guayama Municipio,-,150,,,
PR0563075,SALINAS SPEEDWAY,Transient non-community system,Ground water,Guayama Municipio,-,300,,,
PR0666156,SANTUARIO NUESTRA SENORA DEL CARMEN,Transient non-community system,Ground water,San Lorenzo Municipio,SAN LORENZO,40,,,
PR0312033,SANTUARIO SCHOENSTATT,Transient non-community system,Ground water,Cabo Rojo Municipio,CABO ROJO,25,,,
PR0613306,SAVOY-ATLAS FINE FOOD INC.,Transient non-community system,Ground water,-,-,26,,,
PR0563045,SECTOR LANAUSSE,Transient non-community system,Ground water,-,-,50,,,
PR0458094,"TERRAZOS PICO, INC",Transient non-community system,Ground water,Ponce Municipio,-,50,,,
PR0439054,TESTIMONIO MUNDIAL DE LA GRACIA,Transient non-community system,Ground water,Juana Diaz Municipio,JUANA DIAZ,220,,,
PR0613336,TURY PACKING,Transient non-community system,Ground water,-,-,60,,,
PR0458224,"USSC PUERTO RICO, INC",Transient non-community system,Ground water,Ponce Municipio,PONCE,"1,100",,,
